[
    {
        "model": "blog.category",
        "pk": 1,
        "fields": {
            "created_at": "2022-12-18T23:03:52.159Z",
            "is_published": true,
            "title": "\u0414\u0435\u043d\u044c \u043a\u0430\u043a \u0434\u0435\u043d\u044c",
            "slug": "routine",
            "description": "\u0423 \u0432\u0430\u0441 \u0443\u0431\u0435\u0436\u0430\u043b\u043e \u043c\u043e\u043b\u043e\u043a\u043e? \u0412\u044b \u043e\u0442\u0440\u0430\u0437\u0438\u043b\u0438 \u0430\u0442\u0430\u043a\u0443 \u0438\u043d\u043e\u043f\u043b\u0430\u043d\u0435\u0442\u044f\u043d, \u043a\u0430\u043a \u0438 \u043f\u043e\u0437\u0430\u0432\u0447\u0435\u0440\u0430?\r\n\u0420\u0430\u0441\u0441\u043a\u0430\u0436\u0438\u0442\u0435, \u043a\u0430\u043a \u043f\u0440\u043e\u0445\u043e\u0434\u044f\u0442 \u0432\u0430\u0448\u0438 \u0441\u0430\u043c\u044b\u0435 \u043e\u0431\u044b\u0447\u043d\u044b\u0435 \u0434\u043d\u0438."
        }
    },
    {
        "model": "blog.category",
        "pk": 2,
        "fields": {
            "created_at": "2022-12-18T23:04:21.682Z",
            "is_published": true,
            "title": "\u0417\u0434\u043e\u0440\u043e\u0432\u044c\u0435",
            "slug": "health",
            "description": "\u041a\u0430\u043a \u0441\u043e\u0445\u0440\u0430\u043d\u0438\u0442\u044c \u0444\u0438\u0437\u0438\u0447\u0435\u0441\u043a\u043e\u0435 \u0437\u0434\u043e\u0440\u043e\u0432\u044c\u0435, \u043d\u0435 \u0440\u0430\u0441\u0442\u0435\u0440\u044f\u0432 \u0434\u0443\u0448\u0435\u0432\u043d\u043e\u0433\u043e \u0441\u043f\u043e\u043a\u043e\u0439\u0441\u0442\u0432\u0438\u044f? \u0418\u0441\u0442\u043e\u0440\u0438\u0438 \u043e \u0441\u043f\u043e\u0440\u0442\u0435 \u0438 \u0417\u041e\u0416, \u043e \u0431\u043e\u043b\u0435\u0437\u043d\u044f\u0445 \u0438 \u0432\u044b\u0437\u0434\u043e\u0440\u043e\u0432\u043b\u0435\u043d\u0438\u044f\u0445 \u2014 \u043f\u0438\u0448\u0438\u0442\u0435 \u0432 \u044d\u0442\u0443 \u043a\u0430\u0442\u0435\u0433\u043e\u0440\u0438\u044e!"
        }
    },
    {
        "model": "blog.category",
        "pk": 3,
        "fields": {
            "name": "\u0421\u0435\u0432\u0435\u0440",
            "is_published": false,
            "created_at": "2026-03-08T07:53:14"
        }
    },
    {
        "model": "blog.category",
        "pk": 4,
        "fields": {
            "created_at": "2022-12-18T23:05:14.572Z",
            "is_published": true,
            "title": "\u041f\u043e\u0441\u0438\u0434\u0435\u043b\u043a\u0438",
            "slug": "party",
            "description": "\u0412\u0435\u0447\u0435\u0440\u0438\u043d\u043a\u0438, \u0432\u0441\u0442\u0440\u0435\u0447\u0438, \u0441\u0438\u043c\u043f\u043e\u0437\u0438\u0443\u043c\u044b \u0438 \u0434\u0438\u0441\u043a\u0443\u0441\u0441\u0438\u0438 \u2014 \u043e\u0431\u043e \u0432\u0441\u0451\u043c \u044d\u0442\u043e\u043c \u043f\u0438\u0448\u0438\u0442\u0435 \u0438 \u0447\u0438\u0442\u0430\u0439\u0442\u0435 \u0432 \u043a\u0430\u0442\u0435\u0433\u043e\u0440\u0438\u0438 \u00ab\u041f\u043e\u0441\u0438\u0434\u0435\u043b\u043a\u0438\u00bb. \u041f\u0440\u043e \u0438\u043d\u0442\u0435\u0440\u0435\u0441\u043d\u044b\u0435 zoom-\u043a\u043e\u043d\u0444\u0435\u0440\u0435\u043d\u0446\u0438\u0438 \u0442\u043e\u0436\u0435 \u043c\u043e\u0436\u043d\u043e."
        }
    },
    {
        "model": "blog.category",
        "pk": 5,
        "fields": {
            "created_at": "2022-12-18T23:05:41.354Z",
            "is_published": true,
            "title": "\u041f\u0443\u0442\u0435\u0448\u0435\u0441\u0442\u0432\u0438\u044f",
            "slug": "travel",
            "description": "\u041f\u0438\u0448\u0438\u0442\u0435, \u0447\u0438\u0442\u0430\u0439\u0442\u0435 \u0438 \u043e\u0431\u0441\u0443\u0436\u0434\u0430\u0439\u0442\u0435 \u0440\u0430\u0441\u0441\u043a\u0430\u0437\u044b \u043e \u043f\u0443\u0442\u0435\u0448\u0435\u0441\u0442\u0432\u0438\u044f\u0445. \u0417\u0434\u0435\u0441\u044c \u0440\u0430\u0434\u044b \u0432\u0441\u0435\u043c, \u043a\u0442\u043e \u043b\u044e\u0431\u0438\u0442 \u0441\u0442\u0440\u0430\u043d\u0441\u0442\u0432\u0438\u044f \u0438 \u0434\u043e\u0440\u043e\u0436\u043d\u044b\u0435 \u0431\u0430\u0439\u043a\u0438."
        }
    },
    {
        "model": "blog.category",
        "pk": 6,
        "fields": {
            "created_at": "2022-12-18T23:06:07.543Z",
            "is_published": true,
            "title": "\u0420\u0430\u0431\u043e\u0442\u0430",
            "slug": "work",
            "description": "\u0420\u0430\u0441\u0441\u043a\u0430\u0436\u0438\u0442\u0435 \u043e \u0441\u0432\u043e\u0435\u0439 \u0440\u0430\u0431\u043e\u0442\u0435 \u0438 \u043e \u0442\u043e\u043c, \u0447\u0442\u043e \u0432\u044b \u0434\u0435\u043b\u0430\u0435\u0442\u0435 \u0441\u0435\u0439\u0447\u0430\u0441. \u042d\u0442\u043e \u043a\u0430\u0442\u0435\u0433\u043e\u0440\u0438\u044f \u0434\u043b\u044f \u043f\u0443\u0431\u043b\u0438\u043a\u0430\u0446\u0438\u0439 \u0442\u0440\u0443\u0434\u043e\u0433\u043e\u043b\u0438\u043a\u043e\u0432-\u044d\u043a\u0441\u0442\u0440\u0430\u0432\u0435\u0440\u0442\u043e\u0432, \u0434\u043e\u0431\u0440\u043e \u043f\u043e\u0436\u0430\u043b\u043e\u0432\u0430\u0442\u044c!"
        }
    },
    {
        "model": "blog.location",
        "pk": 1,
        "fields": {
            "created_at": "2022-12-18T23:00:36.479Z",
            "is_published": true,
            "name": "\u0411\u0430\u0439\u043e\u043d\u0430"
        }
    },
    {
        "model": "blog.location",
        "pk": 2,
        "fields": {
            "created_at": "2022-12-18T23:00:51.057Z",
            "is_published": true,
            "name": "\u0411\u0438\u0430\u0440\u0440\u0438\u0446"
        }
    },
    {
        "model": "blog.location",
        "pk": 3,
        "fields": {
            "name": "\u0421\u0435\u0432\u0435\u0440",
            "is_published": false,
            "created_at": "2026-03-08T07:53:14"
        }
    },
    {
        "model": "blog.location",
        "pk": 4,
        "fields": {
            "created_at": "2022-12-18T23:01:15.237Z",
            "is_published": true,
            "name": "\u041c\u043e\u043d\u0442\u0435-\u041a\u0430\u0440\u043b\u043e"
        }
    },
    {
        "model": "blog.location",
        "pk": 5,
        "fields": {
            "created_at": "2022-12-18T23:01:34.377Z",
            "is_published": true,
            "name": "\u041c\u043e\u0441\u043a\u0432\u0430"
        }
    },
    {
        "model": "blog.location",
        "pk": 6,
        "fields": {
            "created_at": "2022-12-18T23:01:47.101Z",
            "is_published": true,
            "name": "\u041d\u0438\u043a\u043e\u043b\u044c\u0441\u043a\u043e\u0435-\u041e\u0431\u043e\u043b\u044c\u044f\u043d\u0438\u043d\u043e\u0432\u043e"
        }
    },
    {
        "model": "blog.location",
        "pk": 7,
        "fields": {
            "created_at": "2022-12-18T23:02:04.372Z",
            "is_published": true,
            "name": "\u041d\u0438\u0446\u0446\u0430"
        }
    },
    {
        "model": "blog.location",
        "pk": 8,
        "fields": {
            "created_at": "2022-12-18T23:02:08.988Z",
            "is_published": true,
            "name": "\u041f\u0430\u0440\u0438\u0436"
        }
    },
    {
        "model": "blog.location",
        "pk": 9,
        "fields": {
            "created_at": "2022-12-18T23:02:15.074Z",
            "is_published": true,
            "name": "\u041f\u0435\u0442\u0435\u0440\u0431\u0443\u0440\u0433"
        }
    },
    {
        "model": "blog.location",
        "pk": 10,
        "fields": {
            "created_at": "2022-12-18T23:02:34.910Z",
            "is_published": true,
            "name": "\u0421\u0435\u0440\u043f\u0443\u0445\u043e\u0432"
        }
    },
    {
        "model": "blog.location",
        "pk": 11,
        "fields": {
            "created_at": "2022-12-18T23:02:38.961Z",
            "is_published": true,
            "name": "\u0422\u0432\u0435\u0440\u044c"
        }
    },
    {
        "model": "blog.location",
        "pk": 12,
        "fields": {
            "created_at": "2022-12-18T23:02:43.798Z",
            "is_published": true,
            "name": "\u0422\u043e\u0440\u0436\u043e\u043a"
        }
    },
    {
        "model": "blog.post",
        "pk": 1,
        "fields": {
            "created_at": "2022-12-18T23:06:18.993Z",
            "is_published": true,
            "title": "\u041e\u0431\u0435\u0434",
            "text": "\u041e\u0431\u0435\u0434 \u0443 \u0412. \u0410. \u041c\u043e\u0440\u043e\u0437\u043e\u0432\u043e\u0439. \u0411\u044b\u043b\u0438 \u0427\u0443\u043f\u0440\u043e\u0432, \u0421\u043e\u0431\u043e\u043b\u0435\u0432\u0441\u043a\u0438\u0439, \u0411\u043b\u0430\u0440\u0430\u043c\u0431\u0435\u0440\u0433, \u0421\u0430\u0431\u043b\u0438\u043d \u0438 \u044f.",
            "pub_date": "1897-02-13T00:00:00Z",
            "author": 3,
            "category": 4,
            "location": 5
        }
    },
    {
        "model": "blog.post",
        "pk": 2,
        "fields": {
            "created_at": "2022-12-18T23:06:18.995Z",
            "is_published": true,
            "title": "\u0411\u043b\u0438\u043d\u044b",
            "text": "15 \u0444\u0435\u0432\u0440. \u0411\u043b\u0438\u043d\u044b \u0443 \u0421\u043e\u043b\u0434\u0430\u0442\u0435\u043d\u043a\u043e\u0432\u0430. \u0411\u044b\u043b\u0438 \u0442\u043e\u043b\u044c\u043a\u043e \u044f \u0438 \u0413\u043e\u043b\u044c\u0446\u0435\u0432. \u041c\u043d\u043e\u0433\u043e \u0445\u043e\u0440\u043e\u0448\u0438\u0445 \u043a\u0430\u0440\u0442\u0438\u043d, \u043d\u043e \u043f\u043e\u0447\u0442\u0438 \u0432\u0441\u0435 \u043e\u043d\u0438 \u0434\u0443\u0440\u043d\u043e \u043f\u043e\u0432\u0435\u0448\u0435\u043d\u044b. \u041f\u043e\u0441\u043b\u0435 \u0431\u043b\u0438\u043d\u043e\u0432 \u043f\u043e\u0435\u0445\u0430\u043b\u0438 \u043a \u041b\u0435\u0432\u0438\u0442\u0430\u043d\u0443, \u0443 \u043a\u043e\u0442\u043e\u0440\u043e\u0433\u043e \u0421\u043e\u043b\u0434\u0430\u0442\u0435\u043d\u043a\u043e\u0432 \u043a\u0443\u043f\u0438\u043b \u043a\u0430\u0440\u0442\u0438\u043d\u0443 \u0438 \u0434\u0432\u0430 \u044d\u0442\u044e\u0434\u0430 \u0437\u0430 1 100 \u0440. \u0417\u043d\u0430\u043a\u043e\u043c\u0441\u0442\u0432\u043e \u0441 \u041f\u043e\u043b\u0435\u043d\u043e\u0432\u044b\u043c. \u0412\u0435\u0447\u0435\u0440\u043e\u043c \u0431\u044b\u043b \u0443 \u043f\u0440\u043e\u0444. \u041e\u0441\u0442\u0440\u043e\u0443\u043c\u043e\u0432\u0430; \u0433\u043e\u0432\u043e\u0440\u0438\u0442, \u0447\u0442\u043e \u041b\u0435\u0432\u0438\u0442\u0430\u043d\u0443 \u00ab\u043d\u0435 \u043c\u0438\u043d\u043e\u0432\u0430\u0442\u044c \u0441\u043c\u0435\u0440\u0442\u0438\u00bb. \u0421\u0430\u043c \u043e\u043d \u0431\u043e\u043b\u0435\u043d \u0438, \u043f\u043e-\u0432\u0438\u0434\u0438\u043c\u043e\u043c\u0443, \u0442\u0440\u0443\u0441\u0438\u0442.",
            "pub_date": "1897-02-15T00:00:00Z",
            "author": 3,
            "category": 4,
            "location": 5
        }
    },
    {
        "model": "blog.post",
        "pk": 3,
        "fields": {
            "name": "\u0421\u0435\u0432\u0435\u0440",
            "is_published": false,
            "created_at": "2026-03-08T07:53:14"
        }
    },
    {
        "model": "blog.post",
        "pk": 4,
        "fields": {
            "created_at": "2022-12-18T23:06:19.001Z",
            "is_published": true,
            "title": "\u041e\u0431\u0435\u0434 \u0432 \u00ab\u041a\u043e\u043d\u0442\u0438\u043d\u0435\u043d\u0442\u0430\u043b\u0435\u00bb",
            "text": "19-\u0433\u043e \u0444\u0435\u0432\u0440. \u043e\u0431\u0435\u0434 \u0432 \u00ab\u041a\u043e\u043d\u0442\u0438\u043d\u0435\u043d\u0442\u0430\u043b\u0435\u00bb \u0432 \u043f\u0430\u043c\u044f\u0442\u044c \u0432\u0435\u043b\u0438\u043a\u043e\u0439 \u0440\u0435\u0444\u043e\u0440\u043c\u044b. \u0421\u043a\u0443\u0447\u043d\u043e \u0438 \u043d\u0435\u043b\u0435\u043f\u043e. \u041e\u0431\u0435\u0434\u0430\u0442\u044c, \u043f\u0438\u0442\u044c \u0448\u0430\u043c\u043f\u0430\u043d\u0441\u043a\u043e\u0435, \u0433\u0430\u043b\u0434\u0435\u0442\u044c, \u0433\u043e\u0432\u043e\u0440\u0438\u0442\u044c \u0440\u0435\u0447\u0438 \u043d\u0430 \u0442\u0435\u043c\u0443 \u043e \u043d\u0430\u0440\u043e\u0434\u043d\u043e\u043c \u0441\u0430\u043c\u043e\u0441\u043e\u0437\u043d\u0430\u043d\u0438\u0438, \u043e \u043d\u0430\u0440\u043e\u0434\u043d\u043e\u0439 \u0441\u043e\u0432\u0435\u0441\u0442\u0438, \u0441\u0432\u043e\u0431\u043e\u0434\u0435 \u0438 \u0442. \u043f. \u0432 \u0442\u043e \u0432\u0440\u0435\u043c\u044f, \u043a\u043e\u0433\u0434\u0430 \u043a\u0440\u0443\u0433\u043e\u043c \u0441\u0442\u043e\u043b\u0430 \u0441\u043d\u0443\u044e\u0442 \u0440\u0430\u0431\u044b \u0432\u043e \u0444\u0440\u0430\u043a\u0430\u0445, \u0442\u0435 \u0436\u0435 \u043a\u0440\u0435\u043f\u043e\u0441\u0442\u043d\u044b\u0435, \u0438 \u043d\u0430 \u0443\u043b\u0438\u0446\u0435, \u043d\u0430 \u043c\u043e\u0440\u043e\u0437\u0435 \u0436\u0434\u0443\u0442 \u043a\u0443\u0447\u0435\u0440\u0430, \u2014 \u044d\u0442\u043e \u0437\u043d\u0430\u0447\u0438\u0442 \u043b\u0433\u0430\u0442\u044c \u0441\u0432\u044f\u0442\u043e\u043c\u0443 \u0434\u0443\u0445\u0443.",
            "pub_date": "1897-02-19T00:00:00Z",
            "author": 3,
            "category": 4,
            "location": 5
        }
    },
    {
        "model": "blog.post",
        "pk": 5,
        "fields": {
            "created_at": "2022-12-18T23:06:19.004Z",
            "is_published": true,
            "title": "\u041b\u044e\u0431\u0438\u0442\u0435\u043b\u044c\u0441\u043a\u0438\u0439 \u0441\u043f\u0435\u043a\u0442\u0430\u043a\u043b\u044c",
            "text": "22 \u0444\u0435\u0432\u0440. \u043f\u043e\u0435\u0445\u0430\u043b \u0432 \u0421\u0435\u0440\u043f\u0443\u0445\u043e\u0432 \u043d\u0430 \u043b\u044e\u0431\u0438\u0442\u0435\u043b\u044c\u0441\u043a\u0438\u0439 \u0441\u043f\u0435\u043a\u0442\u0430\u043a\u043b\u044c \u0432 \u043f\u043e\u043b\u044c\u0437\u0443 \u041d\u043e\u0432\u043e\u0441\u0435\u043b\u044c\u0441\u043a\u043e\u0439 \u0448\u043a\u043e\u043b\u044b. \u0414\u043e \u0426\u0430\u0440\u0438\u0446\u044b\u043d\u0430 \u043c\u0435\u043d\u044f \u043f\u0440\u043e\u0432\u043e\u0436\u0430\u043b\u0430 \u0413\u0430\u043d\u043d\u0435\u043b\u0435-\u041e\u0437\u0435\u0440\u043e\u0432\u0430, \u043c\u0430\u043b\u0435\u043d\u044c\u043a\u0430\u044f \u043a\u043e\u0440\u043e\u043b\u0435\u0432\u0430 \u0432 \u0438\u0437\u0433\u043d\u0430\u043d\u0438\u0438, \u2014 \u0430\u043a\u0442\u0440\u0438\u0441\u0430, \u0432\u043e\u043e\u0431\u0440\u0430\u0436\u0430\u044e\u0449\u0430\u044f \u0441\u0435\u0431\u044f \u0432\u0435\u043b\u0438\u043a\u043e\u0439, \u043d\u0435\u043e\u0431\u0440\u0430\u0437\u043e\u0432\u0430\u043d\u043d\u0430\u044f \u0438 \u043d\u0435\u043c\u043d\u043e\u0436\u043a\u043e \u0432\u0443\u043b\u044c\u0433\u0430\u0440\u043d\u0430\u044f.",
            "pub_date": "1897-02-22T00:00:00Z",
            "author": 3,
            "category": 1,
            "location": 10
        }
    },
    {
        "model": "blog.post",
        "pk": 6,
        "fields": {
            "created_at": "2022-12-18T23:06:19.006Z",
            "is_published": true,
            "title": "\u041a\u0440\u043e\u0432\u043e\u0445\u0430\u0440\u043a\u0430\u043d\u044c\u0435",
            "text": "\u0421 25 \u043c\u0430\u0440\u0442\u0430 \u043f\u043e 10 \u0430\u043f\u0440\u0435\u043b\u044f \u043b\u0435\u0436\u0430\u043b \u0432 \u043a\u043b\u0438\u043d\u0438\u043a\u0435 \u041e\u0441\u0442\u0440\u043e\u0443\u043c\u043e\u0432\u0430. \u041a\u0440\u043e\u0432\u043e\u0445\u0430\u0440\u043a\u0430\u043d\u044c\u0435. \u0412 \u043e\u0431\u0435\u0438\u0445 \u0432\u0435\u0440\u0445\u0443\u0448\u043a\u0430\u0445 \u0445\u0440\u0438\u043f\u044b, \u0432\u044b\u0434\u043e\u0445; \u0432 \u043f\u0440\u0430\u0432\u043e\u0439 \u043f\u0440\u0438\u0442\u0443\u043f\u043b\u0435\u043d\u0438\u0435. 28 \u043c\u0430\u0440\u0442\u0430 \u043f\u0440\u0438\u0445\u043e\u0434\u0438\u043b \u043a\u043e \u043c\u043d\u0435 \u0422\u043e\u043b\u0441\u0442\u043e\u0439 \u041b. \u041d.; \u0433\u043e\u0432\u043e\u0440\u0438\u043b\u0438 \u043e \u0431\u0435\u0441\u0441\u043c\u0435\u0440\u0442\u0438\u0438. \u042f \u0440\u0430\u0441\u0441\u043a\u0430\u0437\u0430\u043b \u0435\u043c\u0443 \u0441\u043e\u0434\u0435\u0440\u0436\u0430\u043d\u0438\u0435 \u0440\u0430\u0441\u0441\u043a\u0430\u0437\u0430 \u041d\u043e\u0441\u0438\u043b\u043e\u0432\u0430 \u00ab\u0422\u0435\u0430\u0442\u0440 \u0443 \u0432\u043e\u0433\u0443\u043b\u043e\u0432\u00bb \u2014 \u0438 \u043e\u043d, \u043f\u043e-\u0432\u0438\u0434\u0438\u043c\u043e\u043c\u0443, \u043f\u0440\u043e\u0441\u043b\u0443\u0448\u0430\u043b \u0441 \u0431\u043e\u043b\u044c\u0448\u0438\u043c \u0443\u0434\u043e\u0432\u043e\u043b\u044c\u0441\u0442\u0432\u0438\u0435\u043c.",
            "pub_date": "1897-04-10T00:00:00Z",
            "author": 3,
            "category": 2,
            "location": 5
        }
    },
    {
        "model": "blog.post",
        "pk": 7,
        "fields": {
            "created_at": "2022-12-18T23:06:19.009Z",
            "is_published": true,
            "title": "\u041f\u0440\u0438\u0435\u0437\u0436\u0430\u043b \u043a\u043e \u043c\u043d\u0435 \u0418\u0432\u0430\u043d \u0429\u0435\u0433\u043b\u043e\u0432",
            "text": "\u041f\u0440\u0438\u0435\u0437\u0436\u0430\u043b \u043a\u043e \u043c\u043d\u0435 \u0418\u0432\u0430\u043d \u0429\u0435\u0433\u043b\u043e\u0432. \u0411\u043b\u0430\u0433\u043e\u0434\u0430\u0440\u0438\u0442 \u0437\u0430 \u0447\u0430\u0439 \u0438 \u043e\u0431\u0435\u0434, \u0438\u0437\u0432\u0438\u043d\u044f\u0435\u0442\u0441\u044f, \u0431\u043e\u0438\u0442\u0441\u044f \u043e\u043f\u043e\u0437\u0434\u0430\u0442\u044c \u043d\u0430 \u043f\u043e\u0435\u0437\u0434, \u043c\u043d\u043e\u0433\u043e \u0433\u043e\u0432\u043e\u0440\u0438\u0442, \u0447\u0430\u0441\u0442\u043e \u0432\u0441\u043f\u043e\u043c\u0438\u043d\u0430\u0435\u0442 \u043e \u0441\u0432\u043e\u0435\u0439 \u0436\u0435\u043d\u0435, \u043a\u0430\u043a \u0433\u043e\u0433\u043e\u043b\u0435\u0432\u0441\u043a\u0438\u0439 \u041c\u0438\u0436\u0443\u0435\u0432, \u0441\u0443\u0435\u0442 \u0434\u043b\u044f \u043f\u0440\u043e\u0447\u0442\u0435\u043d\u0438\u044f \u043a\u043e\u0440\u0440\u0435\u043a\u0442\u0443\u0440\u0443 \u0441\u0432\u043e\u0435\u0439 \u043f\u044c\u0435\u0441\u044b \u2014 \u0442\u043e \u043e\u0434\u0438\u043d \u043b\u0438\u0441\u0442, \u0442\u043e \u0434\u0440\u0443\u0433\u043e\u0439, \u0445\u043e\u0445\u043e\u0447\u0435\u0442, \u0431\u0440\u0430\u043d\u0438\u0442 \u041c\u0435\u043d\u044c\u0448\u0438\u043a\u043e\u0432\u0430, \u043a\u043e\u0442\u043e\u0440\u043e\u0433\u043e \u00ab\u043f\u0440\u043e\u0433\u043b\u043e\u0442\u0438\u043b\u00bb \u0422\u043e\u043b\u0441\u0442\u043e\u0439, \u0443\u0432\u0435\u0440\u044f\u0435\u0442, \u0447\u0442\u043e \u0437\u0430\u0441\u0442\u0440\u0435\u043b\u0438\u043b \u0431\u044b \u0421\u0442\u0430\u0441\u044e\u043b\u0435\u0432\u0438\u0447\u0430, \u0435\u0441\u043b\u0438 \u0431\u044b \u043f\u043e\u0441\u043b\u0435\u0434\u043d\u0438\u0439 \u0432 \u043a\u0430\u0447\u0435\u0441\u0442\u0432\u0435 \u043f\u0440\u0435\u0437\u0438\u0434\u0435\u043d\u0442\u0430 \u0440\u0435\u0441\u043f\u0443\u0431\u043b\u0438\u043a\u0438 \u043f\u0440\u0438\u0441\u0443\u0442\u0441\u0442\u0432\u043e\u0432\u0430\u043b \u043d\u0430 \u043f\u0430\u0440\u0430\u0434\u0435, \u043e\u043f\u044f\u0442\u044c \u0445\u043e\u0445\u043e\u0447\u0435\u0442, \u043f\u0430\u0447\u043a\u0430\u0435\u0442 \u0441\u0432\u043e\u0438 \u0443\u0441\u044b \u0449\u0430\u043c\u0438, \u043c\u0430\u043b\u043e \u0435\u0441\u0442 \u2014 \u0438 \u0432\u0441\u0435-\u0442\u0430\u043a\u0438 \u0432 \u043a\u043e\u043d\u0446\u0435 \u043a\u043e\u043d\u0446\u043e\u0432 \u0434\u043e\u0431\u0440\u044b\u0439 \u0447\u0435\u043b\u043e\u0432\u0435\u043a.",
            "pub_date": "1897-05-01T00:00:00Z",
            "author": 3,
            "category": 1,
            "location": 5
        }
    },
    {
        "model": "blog.post",
        "pk": 8,
        "fields": {
            "created_at": "2022-12-18T23:06:19.012Z",
            "is_published": true,
            "title": "\u0413\u043e\u0441\u0442\u0438",
            "text": "\u041f\u0440\u0438\u0445\u043e\u0434\u0438\u043b\u0438 \u0432 \u0433\u043e\u0441\u0442\u0438 \u043c\u043e\u043d\u0430\u0445\u0438 \u0438\u0437 \u043c\u043e\u043d\u0430\u0441\u0442\u044b\u0440\u044f. \u041f\u0440\u0438\u0435\u0437\u0436\u0430\u043b\u0430 \u0414\u0430\u0448\u0430 \u041c\u0443\u0441\u0438\u043d\u0430-\u041f\u0443\u0448\u043a\u0438\u043d\u0430, \u0432\u0434\u043e\u0432\u0430 \u0438\u043d\u0436\u0435\u043d\u0435\u0440\u0430 \u0413\u043b\u0435\u0431\u043e\u0432\u0430, \u0443\u0431\u0438\u0442\u043e\u0433\u043e \u043d\u0430 \u043e\u0445\u043e\u0442\u0435, \u043e\u043d\u0430 \u0436\u0435 \u0426\u0438\u043a\u0430\u0434\u0430. \u041c\u043d\u043e\u0433\u043e \u043f\u0435\u043b\u0430.",
            "pub_date": "1897-05-04T00:00:00Z",
            "author": 3,
            "category": 1,
            "location": 3
        }
    },
    {
        "model": "blog.post",
        "pk": 9,
        "fields": {
            "created_at": "2022-12-18T23:06:19.015Z",
            "is_published": true,
            "title": "\u0414\u0432\u0435 \u0448\u043a\u043e\u043b\u044b",
            "text": "24 \u043c\u0430\u044f \u044d\u043a\u0437\u0430\u043c\u0435\u043d\u043e\u0432\u0430\u043b \u0432 \u0427\u0438\u0440\u043a\u043e\u0432\u0435 \u0434\u0432\u0435 \u0448\u043a\u043e\u043b\u044b: \u0427\u0438\u0440\u043a\u043e\u0432\u0441\u043a\u0443\u044e \u0438 \u041c\u0438\u0445\u0430\u0439\u043b\u043e\u0432\u0441\u043a\u0443\u044e.",
            "pub_date": "1897-05-24T00:00:00Z",
            "author": 3,
            "category": 1,
            "location": 3
        }
    },
    {
        "model": "blog.post",
        "pk": 10,
        "fields": {
            "created_at": "2022-12-18T23:06:19.018Z",
            "is_published": true,
            "title": "\u041e\u0441\u0432\u044f\u0449\u0435\u043d\u0438\u0435 \u0448\u043a\u043e\u043b\u044b \u0432 \u041d\u043e\u0432\u043e\u0441\u0435\u043b\u043a\u0430\u0445",
            "text": "13 \u0438\u044e\u043b\u044f \u0431\u044b\u043b\u043e \u043e\u0441\u0432\u044f\u0449\u0435\u043d\u0438\u0435 \u0448\u043a\u043e\u043b\u044b \u0432 \u041d\u043e\u0432\u043e\u0441\u0435\u043b\u043a\u0430\u0445, \u043a\u043e\u0442\u043e\u0440\u0443\u044e \u044f \u0441\u0442\u0440\u043e\u0438\u043b. \u041a\u0440\u0435\u0441\u0442\u044c\u044f\u043d\u0435 \u043f\u043e\u0434\u043d\u0435\u0441\u043b\u0438 \u043c\u043d\u0435 \u043e\u0431\u0440\u0430\u0437 \u0441 \u043d\u0430\u0434\u043f\u0438\u0441\u044c\u044e. \u0417\u0435\u043c\u0441\u0442\u0432\u043e \u043e\u0442\u0441\u0443\u0442\u0441\u0442\u0432\u043e\u0432\u0430\u043b\u043e.",
            "pub_date": "1897-07-13T00:00:00Z",
            "author": 3,
            "category": 1,
            "location": 3
        }
    },
    {
        "model": "blog.post",
        "pk": 11,
        "fields": {
            "created_at": "2022-12-18T23:06:19.020Z",
            "is_published": true,
            "title": "\u041c\u0435\u043d\u044f \u043f\u0438\u0448\u0435\u0442 \u0445\u0443\u0434\u043e\u0436\u043d\u0438\u043a",
            "text": "\u041c\u0435\u043d\u044f \u043f\u0438\u0448\u0435\u0442 \u0445\u0443\u0434\u043e\u0436\u043d\u0438\u043a \u0411\u0440\u0430\u0437 (\u0434\u043b\u044f \u0422\u0440\u0435\u0442\u044c\u044f\u043a\u043e\u0432\u0441\u043a\u043e\u0439 \u0433\u0430\u043b\u0435\u0440\u0435\u0438). \u041f\u043e\u0437\u0438\u0440\u0443\u044e \u043f\u043e \u0434\u0432\u0430 \u0440\u0430\u0437\u0430 \u0432 \u0434\u0435\u043d\u044c.",
            "pub_date": "1897-07-13T00:00:00Z",
            "author": 3,
            "category": 1,
            "location": 3
        }
    },
    {
        "model": "blog.post",
        "pk": 12,
        "fields": {
            "created_at": "2022-12-18T23:06:19.023Z",
            "is_published": true,
            "title": "\u041c\u0435\u0434\u0430\u043b\u044c",
            "text": "\u041f\u043e\u043b\u0443\u0447\u0438\u043b \u043c\u0435\u0434\u0430\u043b\u044c \u0437\u0430 \u043f\u0435\u0440\u0435\u043f\u0438\u0441\u044c.",
            "pub_date": "1897-07-22T00:00:00Z",
            "author": 3,
            "category": 1,
            "location": 9
        }
    },
    {
        "model": "blog.post",
        "pk": 14,
        "fields": {
            "created_at": "2022-12-18T23:06:19.029Z",
            "is_published": true,
            "title": "\u041a\u043b\u043e\u043f\u044b",
            "text": "27 \u0438\u044e\u043b\u044f \u0443 \u041b\u0435\u0439\u043a\u0438\u043d\u0430 \u0432 \u0418\u0432\u0430\u043d\u043e\u0432\u0441\u043a\u043e\u043c. 28-\u0433\u043e \u0432 \u041c\u043e\u0441\u043a\u0432\u0435. \u0412 \u0440\u0435\u0434\u0430\u043a\u0446\u0438\u0438 \u00ab\u0420\u0443\u0441\u0441\u043a\u043e\u0439 \u043c\u044b\u0441\u043b\u0438\u00bb, \u0432 \u0434\u0438\u0432\u0430\u043d\u0435 \u043a\u043b\u043e\u043f\u044b.",
            "pub_date": "1897-07-28T00:00:00Z",
            "author": 3,
            "category": 3,
            "location": 5
        }
    },
    {
        "model": "blog.post",
        "pk": 15,
        "fields": {
            "created_at": "2022-12-18T23:06:19.032Z",
            "is_published": true,
            "title": "\u041f\u0430\u0440\u0438\u0436",
            "text": "\u041f\u0440\u0438\u0435\u0445\u0430\u043b \u0432 \u041f\u0430\u0440\u0438\u0436. Moulin rouge, danse du ventre, Caf\u00e9 du N\u00e9an \u0441 \u0433\u0440\u043e\u0431\u0430\u043c\u0438, Caf\u00e9 du Ciel \u0438 \u043f\u0440\u043e\u0447.",
            "pub_date": "1897-09-04T00:00:00Z",
            "author": 3,
            "category": 5,
            "location": 8
        }
    },
    {
        "model": "blog.post",
        "pk": 16,
        "fields": {
            "created_at": "2022-12-18T23:06:19.034Z",
            "is_published": true,
            "title": "\u0417\u0434\u0435\u0441\u044c \u043c\u043d\u043e\u0433\u043e \u0440\u0443\u0441\u0441\u043a\u0438\u0445",
            "text": "\u0412 \u0411\u0438\u0430\u0440\u0440\u0438\u0446\u0435. \u0417\u0434\u0435\u0441\u044c \u0412. \u041c. \u0421\u043e\u0431\u043e\u043b\u0435\u0432\u0441\u043a\u0438\u0439 \u0438 \u0412. \u0410. \u041c\u043e\u0440\u043e\u0437\u043e\u0432\u0430. \u041a\u0430\u0436\u0434\u044b\u0439 \u0440\u0443\u0441\u0441\u043a\u0438\u0439 \u0432 \u0411\u0438\u0430\u0440\u0440\u0438\u0446\u0435 \u0436\u0430\u043b\u0443\u0435\u0442\u0441\u044f, \u0447\u0442\u043e \u0437\u0434\u0435\u0441\u044c \u043c\u043d\u043e\u0433\u043e \u0440\u0443\u0441\u0441\u043a\u0438\u0445.",
            "pub_date": "1897-09-08T00:00:00Z",
            "author": 3,
            "category": 5,
            "location": 2
        }
    },
    {
        "model": "blog.post",
        "pk": 17,
        "fields": {
            "created_at": "2022-12-18T23:06:19.037Z",
            "is_published": true,
            "title": "\u0411\u043e\u0439 \u0441 \u043a\u043e\u0440\u043e\u0432\u0430\u043c\u0438",
            "text": "\u0411\u0430\u0439\u043e\u043d\u0430. Grande course landaise. \u0411\u043e\u0439 \u0441 \u043a\u043e\u0440\u043e\u0432\u0430\u043c\u0438.",
            "pub_date": "1897-09-14T00:00:00Z",
            "author": 3,
            "category": 5,
            "location": 1
        }
    },
    {
        "model": "blog.post",
        "pk": 18,
        "fields": {
            "created_at": "2022-12-18T23:06:19.039Z",
            "is_published": true,
            "title": "\u0414\u043e\u0440\u043e\u0433\u0430",
            "text": "\u0418\u0437 \u0411\u0438\u0430\u0440\u0440\u0438\u0446\u0430 \u0432 \u041d\u0438\u0446\u0446\u0443 \u0447\u0435\u0440\u0435\u0437 \u0422\u0443\u043b\u0443\u0437\u0443.",
            "pub_date": "1897-09-22T00:00:00Z",
            "author": 3,
            "category": 5,
            "location": 7
        }
    },
    {
        "model": "blog.post",
        "pk": 19,
        "fields": {
            "created_at": "2022-12-18T23:06:19.042Z",
            "is_published": true,
            "title": "\u0417\u043d\u0430\u043a\u043e\u043c\u0441\u0442\u0432\u043e \u0441 \u041c\u0430\u043a\u0441\u0438\u043c\u043e\u043c \u041a\u043e\u0432\u0430\u043b\u0435\u0432\u0441\u043a\u0438\u043c",
            "text": "\u041d\u0438\u0446\u0446\u0430. \u041f\u043e\u0441\u0435\u043b\u0438\u043b\u0441\u044f \u0432 Pension Russe. \u0417\u043d\u0430\u043a\u043e\u043c\u0441\u0442\u0432\u043e \u0441 \u041c\u0430\u043a\u0441\u0438\u043c\u043e\u043c \u041a\u043e\u0432\u0430\u043b\u0435\u0432\u0441\u043a\u0438\u043c, \u0437\u0430\u0432\u0442\u0440\u0430\u043a\u0438 \u0443 \u043d\u0435\u0433\u043e \u0432 Beaulieu, \u0432 \u043e\u0431\u0449\u0435\u0441\u0442\u0432\u0435 \u041d. \u0418. \u042e\u0440\u0430\u0441\u043e\u0432\u0430 \u0438 \u0445\u0443\u0434\u043e\u0436\u043d\u0438\u043a\u0430 \u042f\u043a\u043e\u0431\u0438. \u0412 \u041c\u043e\u043d\u0442\u0435-\u041a\u0430\u0440\u043b\u043e.",
            "pub_date": "1897-09-23T00:00:00Z",
            "author": 3,
            "category": 4,
            "location": 7
        }
    },
    {
        "model": "blog.post",
        "pk": 20,
        "fields": {
            "created_at": "2022-12-18T23:06:19.046Z",
            "is_published": true,
            "title": "\u041f\u0440\u0438\u0437\u043d\u0430\u043d\u0438\u044f \u0448\u043f\u0438\u043e\u043d\u0430",
            "text": "\u041f\u0440\u0438\u0437\u043d\u0430\u043d\u0438\u044f \u0448\u043f\u0438\u043e\u043d\u0430.",
            "pub_date": "1897-10-07T00:00:00Z",
            "author": 3,
            "category": 6,
            "location": 7
        }
    },
    {
        "model": "blog.post",
        "pk": 21,
        "fields": {
            "created_at": "2022-12-18T23:06:19.049Z",
            "is_published": true,
            "title": "\u041d\u0435\u043f\u0440\u0438\u044f\u0442\u043d\u043e\u0435 \u0437\u0440\u0435\u043b\u0438\u0449\u0435",
            "text": "\u0412\u0438\u0434\u0435\u043b, \u043a\u0430\u043a \u043c\u0430\u0442\u044c \u0411\u0430\u0448\u043a\u0438\u0440\u0446\u0435\u0432\u043e\u0439 \u0438\u0433\u0440\u0430\u043b\u0430 \u0432 \u0440\u0443\u043b\u0435\u0442\u043a\u0443. \u041d\u0435\u043f\u0440\u0438\u044f\u0442\u043d\u043e\u0435 \u0437\u0440\u0435\u043b\u0438\u0449\u0435.",
            "pub_date": "1897-10-09T00:00:00Z",
            "author": 3,
            "category": 3,
            "location": 4
        }
    },
    {
        "model": "blog.post",
        "pk": 22,
        "fields": {
            "created_at": "2022-12-18T23:06:19.052Z",
            "is_published": true,
            "title": "\u041a\u0440\u0430\u0436\u0430",
            "text": "\u041c\u043e\u043d\u0442\u0435-\u041a\u0430\u0440\u043b\u043e. \u042f \u0432\u0438\u0434\u0435\u043b, \u043a\u0430\u043a \u043a\u0440\u0443\u043f\u044c\u0435 \u0443\u043a\u0440\u0430\u043b \u0437\u043e\u043b\u043e\u0442\u043e\u0439.",
            "pub_date": "1897-11-15T00:00:00Z",
            "author": 3,
            "category": 3,
            "location": 4
        }
    },
    {
        "model": "blog.post",
        "pk": 23,
        "fields": {
            "created_at": "2022-12-18T23:06:19.055Z",
            "is_published": true,
            "title": "\u041f\u043e\u043a\u0443\u043f\u043a\u0438",
            "text": "\u041f\u0440\u0438\u0435\u0445\u0430\u0432 \u043e\u0442 \u0433\u0443\u0431\u0435\u0440\u043d\u0430\u0442\u043e\u0440\u0430, \u044f \u0441 \u0413\u0443\u0440\u0438\u0435\u043c \u041d\u0438\u043a\u043e\u043b\u0430\u0435\u0432\u0438\u0447\u0435\u043c \u043e\u0442\u043f\u0440\u0430\u0432\u0438\u043b\u0441\u044f \u0434\u043b\u044f \u0440\u0430\u0437\u043d\u044b\u0445 \u043f\u043e\u043a\u0443\u043f\u043e\u043a. \u041a\u0443\u043f\u0438\u043b\u0438 \u043c\u0430\u0441\u043b\u0430 \u0447\u0443\u0445\u043e\u043d\u0441\u043a\u043e\u0433\u043e, \u0441\u043f\u0438\u0440\u0442\u0443, \u043a\u043e\u043b\u0431\u0430\u0441\u044b \u0438 \u0440\u044b\u0431\u044b. \u0421\u0442\u0435\u0440\u043b\u044f\u0434\u044c 8 \u0432\u0435\u0440\u0448\u043a\u043e\u0432 \u0441\u0442\u043e\u0438\u0442 50 \u043a\u043e\u043f. \u0441\u0435\u0440\u0435\u0431\u0440\u043e\u043c, \u043d\u0435 \u0434\u0435\u0448\u0435\u0432\u043b\u0435 \u043c\u043e\u0441\u043a\u043e\u0432\u0441\u043a\u043e\u0433\u043e. \u0418\u0437\u0433\u043e\u0442\u043e\u0432\u0438\u043b\u0438 \u0441\u0442\u0435\u0440\u043b\u044f\u0434\u044c \u0432 \u043f\u0430\u0440\u043e\u0432\u043e\u0439 \u043a\u0430\u0441\u0442\u0440\u044e\u043b\u0435 \u0438 \u043f\u043e\u0435\u043b\u0438 \u0441 \u0431\u043e\u043b\u044c\u0448\u0438\u043c \u0432\u043a\u0443\u0441\u043e\u043c. \u0412\u0435\u0447\u0435\u0440\u043e\u043c \u043e\u043f\u044f\u0442\u044c \u0445\u043e\u0434\u0438\u043b\u0438 \u043d\u0430 \u043d\u0430\u0431\u0435\u0440\u0435\u0436\u043d\u0443\u044e; \u0432\u0441\u0435 \u0442\u043e \u0436\u0435, \u0447\u0442\u043e \u0438 \u0432\u0447\u0435\u0440\u0430, \u0442\u043e\u043b\u044c\u043a\u043e \u0440\u043e\u0437\u043e\u0432\u044b\u0445 \u043f\u043b\u0430\u0442\u043a\u043e\u0432 \u0431\u043e\u043b\u044c\u0448\u0435. \u0412\u043e\u0434\u0430 \u0441\u0431\u044b\u043b\u0430 \u0441 \u043b\u0438\u0448\u043a\u043e\u043c \u043d\u0430 \u0441\u0430\u0436\u0435\u043d\u044c \u0438 \u0431\u043b\u0438\u0437 \u043d\u0430\u0431\u0435\u0440\u0435\u0436\u043d\u043e\u0439 \u0441\u0442\u043e\u044f\u043b\u0438 \u0434\u0432\u0430 \u0438\u0437\u044f\u0449\u043d\u044b\u0445 \u043f\u0430\u0440\u043e\u0445\u043e\u0434\u0430. \u041d\u043e\u0447\u044c \u043f\u0440\u043e\u0432\u0435\u043b \u0435\u0449\u0435 \u0431\u0435\u0441\u043f\u043e\u043a\u043e\u0439\u043d\u0435\u0435, \u0447\u0435\u043c \u0432\u0447\u0435\u0440\u0430; \u0442\u0435\u043f\u0435\u0440\u044c \u0447\u0443\u0432\u0441\u0442\u0432\u0443\u044e \u0441\u0435\u0431\u044f \u0434\u043e\u0432\u043e\u043b\u044c\u043d\u043e \u0445\u043e\u0440\u043e\u0448\u043e.",
            "pub_date": "1856-04-20T00:00:00Z",
            "author": 4,
            "category": 1,
            "location": 11
        }
    },
    {
        "model": "blog.post",
        "pk": 24,
        "fields": {
            "created_at": "2022-12-18T23:06:19.059Z",
            "is_published": true,
            "title": "\u041e\u0442\u0434\u043e\u0445\u043d\u0443\u043b\u0438",
            "text": "\u0412\u0447\u0435\u0440\u0430 \u043f\u043e\u0443\u0442\u0440\u0443 \u0431\u044b\u043b \u0443 \u043a\u0443\u043f\u0446\u0430 \u041d. \u042f. \u0412\u043e\u0440\u043e\u0448\u0438\u043b\u043e\u0432\u0430, \u043a\u043e\u0442\u043e\u0440\u044b\u0439 \u043e\u0431\u0435\u0449\u0430\u043b \u0441\u043e\u043e\u0431\u0449\u0438\u0442\u044c \u0440\u0430\u0437\u043d\u044b\u0435 \u0441\u0432\u0435\u0434\u0435\u043d\u0438\u044f \u043e \u0441\u0443\u0434\u043e\u0441\u0442\u0440\u043e\u0435\u043d\u0438\u0438 \u0438 \u0441\u0443\u0434\u043e\u0445\u043e\u0434\u0441\u0442\u0432\u0435. \u0417\u0430\u0445\u043e\u0434\u0438\u043b \u043a \u0447\u0443\u0434\u0430\u043a\u0443 \u043a\u0443\u043f\u0446\u0443 \u041b\u0430\u0432\u0440\u043e\u0432\u0443, \u043a\u043e\u0442\u043e\u0440\u044b\u0439 \u043c\u043e\u0436\u0435\u0442 \u0431\u044b\u0442\u044c \u043f\u043e\u043b\u0435\u0437\u0435\u043d \u043f\u043e \u043e\u0445\u043e\u0442\u0435 \u0438 \u0440\u044b\u0431\u043d\u043e\u0439 \u043b\u043e\u0432\u043b\u0435. \u041f\u043e\u0442\u043e\u043c \u0438\u0437\u0433\u043e\u0442\u043e\u0432\u0438\u043b\u0438 \u0434\u043b\u044f \u0441\u0435\u0431\u044f \u0431\u0438\u0444\u0448\u0442\u0435\u043a\u0441 \u0441 \u043a\u0430\u0440\u0442\u043e\u0444\u0435\u043b\u0435\u043c \u0438 \u043f\u043e\u043e\u0431\u0435\u0434\u0430\u043b\u0438. \u041f\u043e\u0441\u043b\u0435 \u043e\u0431\u0435\u0434\u0430 \u0445\u043e\u0434\u0438\u043b\u0438 \u0437\u0430 \u0422\u044c\u043c\u0430\u043a\u0443 \u0443\u0434\u0438\u0442\u044c \u0440\u044b\u0431\u0443. \u041e\u0445\u043e\u0442\u043d\u0438\u043a\u043e\u0432 \u0434\u043e\u0432\u043e\u043b\u044c\u043d\u043e, \u0438, \u043a\u0430\u043a \u0432\u0438\u0434\u043d\u043e, \u043e\u0447\u0435\u043d\u044c \u043b\u043e\u0432\u043a\u0438\u0445, \u043d\u043e \u0431\u0435\u0440\u0435\u0442 \u0442\u043e\u043b\u044c\u043a\u043e \u0443\u043a\u043b\u0435\u0439\u043a\u0430, \u043f\u043e\u0442\u043e\u043c\u0443 \u043c\u044b, \u043d\u0435 \u043b\u043e\u0432\u0438\u0432\u0448\u0438 \u0438 \u043e\u0447\u0435\u043d\u044c \u0443\u0441\u0442\u0430\u0432\u0448\u0438, \u0432\u0435\u0440\u043d\u0443\u043b\u0438\u0441\u044c \u0434\u043e\u043c\u043e\u0439 \u0434\u043e\u0432\u043e\u043b\u044c\u043d\u043e \u0440\u0430\u043d\u043e. \u041e\u0442\u0434\u043e\u0445\u043d\u0443\u043b\u0438, \u043f\u043e\u0443\u0436\u0438\u043d\u0430\u043b\u0438 \u0438 \u043b\u0435\u0433\u043b\u0438 \u0441\u043f\u0430\u0442\u044c. \u041d\u043e\u0447\u044c \u043f\u0440\u043e\u0432\u0435\u043b \u043d\u0435\u0441\u043a\u043e\u043b\u044c\u043a\u043e \u043f\u043e\u043a\u043e\u0439\u043d\u0435\u0435. \u042f \u0434\u043e\u0433\u0430\u0434\u0430\u043b\u0441\u044f, \u043e\u0442\u0447\u0435\u0433\u043e \u0443 \u043c\u0435\u043d\u044f \u043f\u043e \u043d\u043e\u0447\u0430\u043c \u0431\u044b\u0432\u0430\u0435\u0442 \u0432\u043e\u043b\u043d\u0435\u043d\u0438\u0435: \u044f, \u043f\u043e\u0441\u043b\u0435 \u0441\u0438\u0434\u044f\u0447\u0435\u0439 \u0436\u0438\u0437\u043d\u0438, \u0432\u0434\u0440\u0443\u0433 \u043d\u0430\u0447\u0430\u043b \u0434\u0435\u043b\u0430\u0442\u044c \u043e\u0447\u0435\u043d\u044c \u043c\u043d\u043e\u0433\u043e \u0434\u0432\u0438\u0436\u0435\u043d\u0438\u044f. \u0412\u0447\u0435\u0440\u0430 \u044f \u0445\u043e\u0434\u0438\u043b \u0432 \u043e\u0434\u043d\u043e\u043c \u0441\u044e\u0440\u0442\u0443\u043a\u0435, \u0438 \u0442\u043e \u0431\u044b\u043b\u043e \u0436\u0430\u0440\u043a\u043e, \u0432\u0435\u0447\u0435\u0440\u043e\u043c \u0441\u043b\u044b\u0448\u0430\u043b\u0438 \u043f\u0435\u0440\u0432\u044b\u0439 \u0433\u0440\u043e\u043c, \u0438 \u0448\u0435\u043b \u043d\u0435\u0431\u043e\u043b\u044c\u0448\u043e\u0439 \u0434\u043e\u0436\u0434\u044c. \u041d\u0430 \u0443\u043b\u0438\u0446\u0430\u0445 \u043d\u0430\u0440\u043e\u0434\u043d\u043e\u0439 \u0436\u0438\u0437\u043d\u0438 \u0441\u043e\u0432\u0435\u0440\u0448\u0435\u043d\u043d\u043e \u043d\u0435 \u0437\u0430\u043c\u0435\u0442\u043d\u043e, \u043f\u0435\u0441\u0435\u043d \u0432\u043e\u0432\u0441\u0435 \u043d\u0435 \u0441\u043b\u044b\u0445\u0430\u0442\u044c. \u0421\u0435\u0433\u043e\u0434\u043d\u044f \u043f\u043e\u0443\u0442\u0440\u0443 \u0434\u043e\u043b\u0436\u0435\u043d \u0431\u044b\u043b \u043e\u0442\u043f\u0440\u0430\u0432\u0438\u0442\u044c\u0441\u044f \u043f\u0435\u0440\u0432\u044b\u0439 \u043f\u0430\u0440\u043e\u0445\u043e\u0434 \u0438\u0437 \u0422\u0432\u0435\u0440\u0438 \u0441 \u043f\u0430\u0441\u0441\u0430\u0436\u0438\u0440\u0430\u043c\u0438; \u043c\u044b \u0432\u0441\u0442\u0430\u043b\u0438 \u0432 7-\u043c \u0447\u0430\u0441\u0443 \u0438 \u043f\u043e\u0448\u043b\u0438 \u043d\u0430 \u043d\u0430\u0431\u0435\u0440\u0435\u0436\u043d\u0443\u044e; \u043d\u043e \u043f\u0430\u0440\u043e\u0445\u043e\u0434 \u043f\u043e\u0447\u0435\u043c\u0443-\u0442\u043e \u043d\u0435 \u043f\u043e\u0448\u0435\u043b. \u0420\u044f\u0434\u043e\u043c \u0441 \u0434\u0432\u0443\u043c\u044f \u043f\u0435\u0440\u0432\u044b\u043c\u0438 \u0441\u0442\u043e\u0438\u0442 \u0442\u0440\u0435\u0442\u0438\u0439 \u043f\u0430\u0440\u043e\u0445\u043e\u0434 \u0442\u043e\u0447\u043d\u043e \u0442\u0430\u043a\u043e\u0439 \u0436\u0435 \u0432\u0435\u043b\u0438\u0447\u0438\u043d\u044b \u0438 \u0438\u0437\u044f\u0449\u0435\u0441\u0442\u0432\u0430, \u0442\u0430\u043a \u0447\u0442\u043e \u0438\u0445 \u0442\u0440\u0443\u0434\u043d\u043e \u043e\u0442\u043b\u0438\u0447\u0438\u0442\u044c \u043e\u0434\u0438\u043d \u043e\u0442 \u0434\u0440\u0443\u0433\u043e\u0433\u043e. \u041f\u0440\u0438\u0448\u043b\u0438 \u0434\u043e\u043c\u043e\u0439 \u0438 \u0437\u0430\u043d\u044f\u043b\u0438\u0441\u044c \u0447\u0430\u0435\u043c, \u044f\u0432\u0438\u043b\u0441\u044f \u043a\u0443\u043f\u0435\u0446 \u041b\u0430\u0432\u0440\u043e\u0432 \u0438 \u043c\u0435\u0436\u0434\u0443 \u043f\u0440\u043e\u0447\u0438\u043c\u0438 \u0440\u0430\u0441\u0441\u043a\u0430\u0437\u0430\u043c\u0438 \u0443\u0432\u0435\u0434\u043e\u043c\u0438\u043b \u043d\u0430\u0441, \u0447\u0442\u043e \u0432 \u0422\u0432\u0435\u0440\u0438 \u0441\u0442\u0440\u0430\u0448\u043d\u044b\u0435 \u0433\u0440\u0430\u0431\u0435\u0436\u0438. \u041a\u043e\u0433\u0434\u0430 \u044f \u0441\u043f\u0440\u043e\u0441\u0438\u043b, \u043e\u0442\u0447\u0435\u0433\u043e \u043d\u0435 \u0441\u043b\u044b\u0445\u0430\u0442\u044c \u043f\u0435\u0441\u0435\u043d, \u043e\u043d \u043e\u0442\u0432\u0435\u0447\u0430\u043b, \u0447\u0442\u043e \u043f\u043e\u043b\u0438\u0446\u0438\u044f \u0433\u043e\u0440\u0430\u0437\u0434\u043e \u0441\u0442\u0440\u043e\u0436\u0435 \u0441\u043c\u043e\u0442\u0440\u0438\u0442 \u043d\u0430 \u043f\u0435\u0441\u043d\u0438, \u0447\u0435\u043c \u043d\u0430 \u0433\u0440\u0430\u0431\u0435\u0436\u0438.",
            "pub_date": "1856-04-21T00:00:00Z",
            "author": 4,
            "category": 4,
            "location": 11
        }
    },
    {
        "model": "blog.post",
        "pk": 25,
        "fields": {
            "created_at": "2022-12-18T23:06:19.062Z",
            "is_published": true,
            "title": "\u0425\u043e\u0434\u0438\u043b\u0438 \u0437\u0430 \u0422\u044c\u043c\u0430\u043a\u0443.",
            "text": "\u0412 \u0441\u0443\u0431\u0431\u043e\u0442\u0443 \u0432\u043c\u0435\u0441\u0442\u0435 \u0441 \u041b\u0430\u0432\u0440\u043e\u0432\u044b\u043c \u0445\u043e\u0434\u0438\u043b\u0438 \u0437\u0430 \u0422\u044c\u043c\u0430\u043a\u0443. \u0421\u043c\u043e\u0442\u0440\u0435\u043b\u0438 \u0441\u0443\u043a\u043e\u043d\u043d\u0443\u044e \u0444\u0430\u0431\u0440\u0438\u043a\u0443, \u0432\u044b\u0441\u0442\u0440\u043e\u0435\u043d\u043d\u0443\u044e \u043a\u043e\u043c\u043f\u0430\u043d\u0438\u0435\u0439 \u043c\u043e\u0441\u043a\u043e\u0432\u0441\u043a\u0438\u0445 \u043a\u0443\u043f\u0446\u043e\u0432 \u0432 \u043e\u0433\u0440\u043e\u043c\u043d\u044b\u0445; \u0440\u0430\u0437\u043c\u0435\u0440\u0430\u0445. \u0411\u0435\u0440\u0435\u0433\u0430 \u0422\u044c\u043c\u0430\u043a\u0438 \u0443\u0441\u0435\u044f\u043d\u044b \u0440\u044b\u0431\u043e\u043b\u043e\u0432\u0430\u043c\u0438, \u043a\u043e\u0442\u043e\u0440\u044b\u0435 \u043b\u043e\u0432\u044f\u0442 \u043d\u0430 \u0443\u0434\u043e\u0447\u043a\u0443 \u0443\u043a\u043b\u0435\u0439\u043a\u0443. \u041e\u0434\u0438\u043d \u0440\u044b\u0431\u0430\u043a (\u0432\u0435\u0440\u043e\u044f\u0442\u043d\u043e, \u043e\u0445\u043e\u0442\u043d\u0438\u043a) \u043b\u043e\u0432\u0438\u043b \u0440\u044b\u0431\u0443, \u0441\u0442\u043e\u044f \u0432 \u043c\u0430\u043b\u0435\u043d\u044c\u043a\u043e\u043c \u0447\u0435\u043b\u043d\u043e\u043a\u0435, \u043a\u043e\u0442\u043e\u0440\u044b\u0439 \u0438\u043c\u0435\u043b \u043d\u0435 \u0431\u043e\u043b\u0435\u0435 \u0432\u0435\u0440\u0448\u043a\u0430 \u0437\u0430\u043f\u0430\u0441\u0443 \u043d\u0430\u0434 \u0432\u043e\u0434\u043e\u0439 \u0438 \u043c\u0435\u043d\u0435\u0435 2 \u0441\u0430\u0436\u0435\u043d \u0434\u043b\u0438\u043d\u044b. \u0423\u043f\u0440\u0430\u0432\u043b\u044f\u044f \u043e\u0434\u043d\u0438\u043c \u0432\u0435\u0441\u043b\u043e\u043c, \u043e\u043d \u0437\u0430\u043a\u0438\u0434\u044b\u0432\u0430\u043b \u043d\u0435\u0431\u043e\u043b\u044c\u0448\u0443\u044e \u0441\u0435\u0442\u044c, \u0443\u0437\u043a\u0443\u044e \u0438 \u0434\u043b\u0438\u043d\u043d\u0443\u044e, \u0441 \u043f\u043e\u043f\u043b\u0430\u0432\u043a\u0430\u043c\u0438, \u0447\u0442\u043e\u0431\u044b \u043e\u043d\u0430 \u043e\u0434\u043d\u043e\u0439 \u0441\u0442\u043e\u0440\u043e\u043d\u043e\u0439 \u0434\u0435\u0440\u0436\u0430\u043b\u0430\u0441\u044c \u043d\u0430 \u0432\u043e\u0434\u0435, \u0441\u043e\u0431\u0438\u0440\u0430\u043b \u0435\u0435, \u0432\u044b\u0431\u0438\u0440\u0430\u043b \u0438 \u0431\u0440\u043e\u0441\u0430\u043b \u0432 \u0447\u0435\u043b\u043d\u043e\u043a, \u0438 \u0432\u0441\u0435 \u044d\u0442\u043e \u0441 \u043d\u0435\u0438\u043c\u043e\u0432\u0435\u0440\u043d\u044b\u043c \u0441\u043e\u0431\u043b\u044e\u0434\u0435\u043d\u0438\u0435\u043c \u0431\u0430\u043b\u0430\u043d\u0441\u0430, \u0438\u043d\u0430\u0447\u0435 \u043e\u043d \u043d\u0435\u043f\u0440\u0435\u043c\u0435\u043d\u043d\u043e \u0434\u043e\u043b\u0436\u0435\u043d \u0431\u044b\u043b \u043e\u043f\u0440\u043e\u043a\u0438\u043d\u0443\u0442\u044c\u0441\u044f \u0438 \u0441 \u0447\u0435\u043b\u043d\u043e\u043a\u043e\u043c. \u0412\u0435\u0447\u0435\u0440 \u043f\u0440\u043e\u0432\u0435\u043b\u0438 \u0434\u043e\u043c\u0430 \u0432 \u0440\u0430\u0437\u043d\u044b\u0445 \u0437\u0430\u043d\u044f\u0442\u0438\u044f\u0445. \u0412 \u0432\u043e\u0441\u043a\u0440\u0435\u0441\u0435\u043d\u044c\u0435 \u0435\u0437\u0434\u0438\u043b\u0438 \u0441\u043c\u043e\u0442\u0440\u0435\u0442\u044c \u0437\u0430\u0432\u043e\u043b\u0436\u0441\u043a\u0438\u0435 \u043a\u0432\u0430\u0440\u0442\u0430\u043b\u044b. \u0412\u0435\u0447\u0435\u0440\u043e\u043c \u0431\u044b\u043b \u041b\u0430\u0432\u0440\u043e\u0432, \u043d\u0430\u0431\u043e\u043b\u0442\u0430\u043b \u0441 \u0442\u0440\u0438 \u043a\u043e\u0440\u043e\u0431\u0430, -- \u0432\u043f\u0440\u043e\u0447\u0435\u043c, \u0433\u043e\u0432\u043e\u0440\u0438\u043b \u0438 \u0434\u0435\u043b\u043e, -- \u043e \u0437\u043b\u043e\u0443\u043f\u043e\u0442\u0440\u0435\u0431\u043b\u0435\u043d\u0438\u044f\u0445 \u0433\u0440\u0430\u0434\u0441\u043a\u0438\u0445 \u0433\u043e\u043b\u043e\u0432. \u0421\u0435\u0433\u043e\u0434\u043d\u044f \u0437\u0430 \u0434\u0435\u043b\u043e, \u0434\u043e\u0432\u043e\u043b\u044c\u043d\u043e \u0433\u0443\u043b\u044f\u0442\u044c. \u0415\u0434\u0443 \u043a \u0440\u0430\u0437\u043d\u044b\u043c \u0434\u043e\u043b\u0436\u043d\u043e\u0441\u0442\u043d\u044b\u043c \u043b\u0438\u0446\u0430\u043c.",
            "pub_date": "1856-04-23T00:00:00Z",
            "author": 4,
            "category": 3,
            "location": 11
        }
    },
    {
        "model": "blog.post",
        "pk": 26,
        "fields": {
            "created_at": "2022-12-18T23:06:19.066Z",
            "is_published": true,
            "title": "\u041f\u0440\u043e\u0441\u0438\u0434\u0435\u043b \u0432\u0435\u0441\u044c \u0434\u0435\u043d\u044c \u0434\u043e\u043c\u0430",
            "text": "\u0412 \u043f\u043e\u043d\u0435\u0434\u0435\u043b\u044c\u043d\u0438\u043a \u0443\u0442\u0440\u043e\u043c \u0431\u044b\u043b \u0443 \u041a\u043e\u043b\u044b\u0448\u043a\u0438\u043d\u0430. \u041e\u043d \u0435\u0449\u0435 \u0432 \u041c\u043e\u0441\u043a\u0432\u0435. \u041f\u043e \u0441\u043b\u0443\u0447\u0430\u044e \u0442\u0430\u0431\u0435\u043b\u044c\u043d\u043e\u0433\u043e \u0434\u043d\u044f \u0434\u043e\u043b\u0436\u043d\u043e\u0441\u0442\u043d\u044b\u0435 \u043b\u0438\u0446\u0430 \u0431\u044b\u043b\u0438 \u0443 \u043e\u0431\u0435\u0434\u043d\u0438. \u041f\u0440\u043e\u0441\u0438\u0434\u0435\u043b \u0432\u0435\u0441\u044c \u0434\u0435\u043d\u044c \u0434\u043e\u043c\u0430. \u0412\u0447\u0435\u0440\u0430 \u043f\u043e\u0443\u0442\u0440\u0443 \u0447\u0430\u0441\u043e\u0432 \u0432 6 \u0445\u043e\u0434\u0438\u043b\u0438 \u0441\u043c\u043e\u0442\u0440\u0435\u0442\u044c, \u043a\u0430\u043a \u043e\u0442\u0445\u043e\u0434\u044f\u0442 \u043f\u0430\u0440\u043e\u0445\u043e\u0434\u044b, \u0431\u044b\u043b \u0443 \u041a\u043e\u043b\u044b\u0448\u043a\u0438\u043d\u0430, \u043e\u043d \u0432\u0441\u0435 \u0435\u0449\u0435 \u043d\u0435 \u043f\u0440\u0438\u0435\u0437\u0436\u0430\u043b. \u041f\u043e \u0441\u043b\u0443\u0447\u0430\u044e \u0434\u0443\u0440\u043d\u043e\u0439 \u043f\u043e\u0433\u043e\u0434\u044b \u043f\u0440\u043e\u0441\u0438\u0434\u0435\u043b \u0432\u0435\u0447\u0435\u0440 \u0434\u043e\u043c\u0430. \u0421\u0435\u0433\u043e\u0434\u043d\u044f \u0435\u0434\u0443 \u043e\u043f\u044f\u0442\u044c \u043a \u041a\u043e\u043b\u044b\u0448\u043a\u0438\u043d\u0443. \u0427\u0442\u043e-\u0442\u043e \u0431\u043e\u0433 \u0434\u0430\u0441\u0442?",
            "pub_date": "1856-04-25T00:00:00Z",
            "author": 4,
            "category": 1,
            "location": 11
        }
    },
    {
        "model": "blog.post",
        "pk": 27,
        "fields": {
            "created_at": "2022-12-18T23:06:19.068Z",
            "is_published": true,
            "title": "\u041f\u043e\u043e\u0431\u0435\u0434\u0430\u043b\u0438 \u0432 \u0442\u0440\u0430\u043a\u0442\u0438\u0440\u0435",
            "text": "\u0412 \u0441\u0435\u0440\u0435\u0434\u0443 \u041a\u043e\u043b\u044b\u0448\u043a\u0438\u043d\u0430 \u043d\u0435 \u0437\u0430\u0441\u0442\u0430\u043b. \u041f\u043e\u043e\u0431\u0435\u0434\u0430\u043b\u0438 \u0432 \u0442\u0440\u0430\u043a\u0442\u0438\u0440\u0435. \u0412 5-\u043c \u0447\u0430\u0441\u0443 \u043f\u043e\u0435\u0445\u0430\u043b \u043d\u0430 \u0436\u0435\u043b\u0435\u0437\u043d\u0443\u044e \u0434\u043e\u0440\u043e\u0433\u0443 \u0432 \u043d\u0430\u0434\u0435\u0436\u0434\u0435 \u0432\u0441\u0442\u0440\u0435\u0442\u0438\u0442\u044c \u0413\u0440\u0438\u0433\u043e\u0440\u044c\u0435\u0432\u0430, \u0413\u0440\u0438\u0433\u043e\u0440\u044c\u0435\u0432 \u043d\u0435 \u043f\u0440\u0438\u0435\u0445\u0430\u043b. \u041d\u0430 \u0441\u0442\u0430\u043d\u0446\u0438\u0438 \u0432\u0441\u0442\u0440\u0435\u0442\u0438\u043b \u0414. \u0413. \u0420\u0436\u0435\u0432\u0441\u043a\u043e\u0433\u043e, \u043e \u043a\u043e\u0442\u043e\u0440\u043e\u043c \u0441\u043e\u0432\u0441\u0435\u043c \u0431\u044b\u043b\u043e \u0437\u0430\u0431\u044b\u043b. \u0412\u0438\u0434\u0435\u043b\u0441\u044f \u0441 \u041a\u0440\u0430\u0435\u0432\u0441\u043a\u0438\u043c, \u043a\u043e\u0442\u043e\u0440\u044b\u0439 \u0435\u0445\u0430\u043b \u0432 \u041f\u0435\u0442\u0435\u0440\u0431\u0443\u0440\u0433. \u0412\u0435\u0447\u0435\u0440\u043e\u043c \u0431\u044b\u043b \u0443 \u0420\u0436\u0435\u0432\u0441\u043a\u043e\u0433\u043e, \u0442\u0430\u043c \u0432\u043e\u0437\u043e\u0431\u043d\u043e\u0432\u0438\u043b \u0437\u043d\u0430\u043a\u043e\u043c\u0441\u0442\u0432\u043e \u0441 \u0423\u043d\u044c\u043a\u043e\u0432\u0441\u043a\u0438\u043c, \u0441 \u043a\u043e\u0442\u043e\u0440\u044b\u043c \u043f\u043e\u0437\u043d\u0430\u043a\u043e\u043c\u0438\u043b\u0441\u044f \u0432 \u043f\u0440\u043e\u0448\u043b\u044b\u0439 \u043f\u0440\u0438\u0435\u0437\u0434 \u0432 \u0422\u0432\u0435\u0440\u044c. \u041e\u043d \u0442\u0435\u043f\u0435\u0440\u044c \u0441\u0443\u0434\u044c\u0435\u0439; \u0447\u0435\u043b\u043e\u0432\u0435\u043a \u0432\u0435\u0441\u0435\u043b\u044b\u0439, \u043e\u0442\u043a\u0440\u044b\u0442\u044b\u0439 \u0438 \u043e\u0447\u0435\u043d\u044c \u0443\u043c\u043d\u044b\u0439. \u0412 \u0447\u0435\u0442\u0432\u0435\u0440\u0433 \u0443\u0442\u0440\u043e\u043c \u0431\u044b\u043b \u0443 \u041a\u043e\u043b\u044b\u0448\u043a\u0438\u043d\u0430 \u0438 \u043d\u0430\u0448\u0435\u043b \u0432 \u043d\u0435\u043c \u0432\u0435\u0441\u044c\u043c\u0430 \u0434\u0435\u043b\u044c\u043d\u043e\u0433\u043e \u0438 \u043c\u0438\u043b\u043e\u0433\u043e \u0447\u0435\u043b\u043e\u0432\u0435\u043a\u0430. \u041e\u043d \u043e\u0431\u0435\u0449\u0430\u043b \u0441\u043e\u043e\u0431\u0449\u0438\u0442\u044c \u043c\u043d\u0435 \u0432\u0441\u0435 \u0441\u0432\u0435\u0434\u0435\u043d\u0438\u044f, \u043a\u0430\u043a\u0438\u0435 \u043c\u043e\u0436\u0435\u0442. \u041e\u0431\u0435\u0434\u0430\u043b \u0434\u043e\u043c\u0430. \u0412\u0435\u0447\u0435\u0440\u043e\u043c \u0438\u0433\u0440\u0430\u043b\u0438 \u0441 \u041b\u0430\u0432\u0440\u043e\u0432\u044b\u043c \u0432 \u043a\u0430\u0440\u0442\u044b. \u0421\u0435\u0433\u043e\u0434\u043d\u044f \u0441\u0438\u0436\u0443 \u0434\u043e\u043c\u0430, \u0436\u0434\u0443 \u0432\u0438\u0437\u0438\u0442\u043e\u0432. \u0412\u043e\u0442 \u0443\u0436\u0435 \u0447\u0435\u0442\u0432\u0435\u0440\u0442\u044b\u0439 \u0434\u0435\u043d\u044c \u043d\u0435\u043d\u0430\u0441\u0442\u043d\u0430\u044f \u043f\u043e\u0433\u043e\u0434\u0430 \u043c\u0435\u0448\u0430\u0435\u0442 \u043c\u043d\u0435 \u043b\u043e\u0432\u0438\u0442\u044c \u0440\u044b\u0431\u0443, \u0430 \u0441\u0435\u0433\u043e\u0434\u043d\u044f \u0434\u0430\u0436\u0435 \u043e\u0447\u0435\u043d\u044c \u0445\u043e\u043b\u043e\u0434\u043d\u043e.",
            "pub_date": "1856-04-27T00:00:00Z",
            "author": 4,
            "category": 4,
            "location": 11
        }
    },
    {
        "model": "blog.post",
        "pk": 28,
        "fields": {
            "created_at": "2022-12-18T23:06:19.071Z",
            "is_published": true,
            "title": "\u041a\u043e\u043b\u044b\u0448\u043a\u0438\u043d",
            "text": "\u0421\u0440\u0435\u0434\u0438 \u0434\u043d\u044f \u0431\u044b\u043b \u041a\u043e\u043b\u044b\u0448\u043a\u0438\u043d, \u043f\u0440\u0438\u0432\u0435\u0437 \u043e\u043f\u0438\u0441\u0430\u043d\u0438\u0435 \u0422\u0432\u0435\u0440\u0441\u043a\u043e\u0439 \u0433\u0443\u0431\u0435\u0440\u043d\u0438\u0438 \u0438 \u043e\u0431\u0435\u0449\u0430\u043b \u0434\u043e\u0441\u0442\u0430\u0432\u0438\u0442\u044c \u0432 \u043f\u043e\u043d\u0435\u0434\u0435\u043b\u044c\u043d\u0438\u043a \u0441\u0432\u0435\u0434\u0435\u043d\u0438\u044f. \u0412\u0435\u0447\u0435\u0440\u043e\u043c \u0431\u044b\u043b \u0443 \u0420\u0436\u0435\u0432\u0441\u043a\u043e\u0433\u043e. \u0422\u0430\u043c \u0431\u044b\u043b \u0423\u043d\u044c\u043a\u043e\u0432\u0441\u043a\u0438\u0439 \u0438 \u0443\u0447\u0438\u0442\u0435\u043b\u044c \u0413\u0430\u0440\u0443\u0441\u043e\u0432 (\u0447\u0443\u0434\u0430\u043a \u0435\u0441\u0442\u0435\u0441\u0442\u0432\u0435\u043d\u043d\u044b\u0439); \u043f\u0440\u043e\u0432\u0435\u043b\u0438 \u0432\u0440\u0435\u043c\u044f \u043e\u0447\u0435\u043d\u044c \u043f\u0440\u0438\u044f\u0442\u043d\u043e. \u0412\u0447\u0435\u0440\u0430 \u043f\u043e\u0443\u0442\u0440\u0443 \u0431\u044b\u043b \u0434\u043e\u043c\u0430. \u0417\u0430\u0435\u0437\u0436\u0430\u043b \u0423\u043d\u044c\u043a\u043e\u0432\u0441\u043a\u0438\u0439. \u041e\u0431\u0435\u0434\u0430\u043b \u0443 \u043d\u0435\u0433\u043e. \u0411\u044b\u043b\u0438 \u0420\u0436\u0435\u0432\u0441\u043a\u0438\u0439, \u0413\u044d\u0440\u0443\u0441\u043e\u0432 \u0438 \u041a\u043e\u0437\u0430\u043a\u043e\u0432, \u0447\u0435\u043b\u043e\u0432\u0435\u043a \u0437\u0430\u043c\u0435\u0447\u0430\u0442\u0435\u043b\u044c\u043d\u044b\u0439, \u0445\u043e\u0442\u044f \u0442\u043e\u0436\u0435 \u0447\u0443\u0434\u0430\u043a. \u0415\u0437\u0434\u0438\u043b \u043d\u0430 \u0434\u043e\u0440\u043e\u0433\u0443 \u0432\u0441\u0442\u0440\u0435\u0447\u0430\u0442\u044c \u0413\u0430\u043d\u044e. \u0427\u0430\u0441\u043e\u0432 \u0432 7 \u0433\u0443\u043b\u044f\u043b\u0438, \u043f\u043e\u043a\u0430\u0437\u044b\u0432\u0430\u043b \u0435\u0439 \u0422\u0432\u0435\u0440\u044c. \u0412\u0435\u0447\u0435\u0440\u043e\u043c \u0431\u044b\u043b \u041b\u0430\u0432\u0440\u043e\u0432. \u0421\u0435\u0433\u043e\u0434\u043d\u044f \u043f\u043e\u0443\u0442\u0440\u0443 \u0445\u043e\u0434\u0438\u043b\u0438 \u043d\u0430 \u0440\u044b\u043d\u043e\u043a, \u043a\u0443\u043f\u0438\u043b\u0438 \u0441\u043c\u043e\u0440\u0447\u043a\u043e\u0432, \u043e\u0442\u043b\u0438\u0447\u043d\u044b\u0435 \u0443\u0434\u0438\u043b\u0438\u0449\u0430, \u043a\u0430\u043a\u0438\u0445 \u043d\u0435\u0442 \u0432 \u041c\u043e\u0441\u043a\u0432\u0435, \u043f\u043e 2 \u043a\u043e\u043f\u0435\u0439\u043a\u0438 \u0441\u0435\u0440\u0435\u0431\u0440\u043e\u043c.",
            "pub_date": "1856-04-29T00:00:00Z",
            "author": 4,
            "category": 4,
            "location": 11
        }
    },
    {
        "model": "blog.post",
        "pk": 29,
        "fields": {
            "created_at": "2022-12-18T23:06:19.074Z",
            "is_published": true,
            "title": "\u041d\u043e\u0447\u044c \u043d\u0435 \u0441\u043f\u0430\u043b",
            "text": "\u0421\u0435\u0440\u0435\u0434\u0430. 2-\u0435 \u043c\u0430\u044f. 10 \u0447\u0430\u0441\u043e\u0432 \u0443\u0442\u0440\u0430.\r\n(\u041f\u0440\u043e\u0434\u043e\u043b\u0436\u0435\u043d\u0438\u0435). \u041f\u043e\u043e\u0431\u0435\u0434\u0430\u043b\u0438 \u0434\u043e\u043c\u0430, \u043f\u043e\u0442\u043e\u043c \u0445\u043e\u0434\u0438\u043b\u0438 \u0440\u044b\u0431\u0443 \u043b\u043e\u0432\u0438\u0442\u044c. \u041f\u043e\u0439\u043c\u0430\u043b\u0438 \u0442\u043e\u043b\u044c\u043a\u043e \u0434\u0432\u0443\u0445 \u043e\u043a\u0443\u043d\u0435\u0439. \u0412\u0435\u0447\u0435\u0440\u043e\u043c \u0431\u044b\u043b \u041b\u0430\u0432\u0440\u043e\u0432, \u0438\u0433\u0440\u0430\u043b\u0438 \u0432 \u043a\u0430\u0440\u0442\u044b. \u0412 \u043f\u043e\u043d\u0435\u0434\u0435\u043b\u044c\u043d\u0438\u043a \u0434\u043e \u0432\u0435\u0447\u0435\u0440\u0430 \u043f\u0440\u043e\u0441\u0438\u0434\u0435\u043b \u0441 \u0413\u0430\u043d\u0435\u0439 \u0434\u043e\u043c\u0430. \u0411\u044b\u043b \u0423\u043d\u044c\u043a\u043e\u0432\u0441\u043a\u0438\u0439. \u0412\u0435\u0447\u0435\u0440\u043e\u043c \u0445\u043e\u0434\u0438\u043b \u043d\u0435 \u043d\u0430\u0434\u043e\u043b\u0433\u043e \u043a \u041a\u043e\u043b\u044b\u0448\u043a\u0438\u043d\u0443. \u0422\u0430\u043c \u043f\u043e\u0437\u043d\u0430\u043a\u043e\u043c\u0438\u043b\u0441\u044f \u0441 \u041f\u0440\u0435\u043e\u0431\u0440\u0430\u0436\u0435\u043d\u0441\u043a\u0438\u043c. \u041f\u043e\u0443\u0436\u0438\u043d\u0430\u043b\u0438 \u0434\u043e\u043c\u0430, \u043d\u043e\u0447\u044c \u043d\u0435 \u0441\u043f\u0430\u043b. \u0415\u0437\u0434\u0438\u043b \u043f\u0440\u043e\u0432\u043e\u0436\u0430\u0442\u044c \u0413\u0430\u043d\u044e \u043d\u0430 \u0434\u043e\u0440\u043e\u0433\u0443, \u0432\u0438\u0434\u0435\u043b\u0438 \u043f\u0440\u0435\u0432\u043e\u0441\u0445\u043e\u0434\u043d\u043e\u0435 \u0443\u0442\u0440\u043e \u0438 \u0432\u043e\u0441\u0445\u043e\u0434 \u0441\u043e\u043b\u043d\u0446\u0430. \u041f\u043e\u0443\u0442\u0440\u0443 \u0433\u0443\u043b\u044f\u043b\u0438 \u043f\u043e \u043d\u0430\u0431\u0435\u0440\u0435\u0436\u043d\u043e\u0439. \u041f\u043e\u0441\u043b\u0435 \u043e\u0431\u0435\u0434\u0430 \u0431\u044b\u043b \u041f\u0440\u0435\u043e\u0431\u0440\u0430\u0436\u0435\u043d\u0441\u043a\u0438\u0439, \u043d\u0430\u0433\u043e\u0432\u043e\u0440\u0438\u043b \u043c\u043d\u043e\u0433\u043e \u0445\u043e\u0440\u043e\u0448\u0435\u0433\u043e. \u0412\u0435\u0447\u0435\u0440\u043e\u043c \u0431\u044b\u043b \u0443 \u0420\u0436\u0435\u0432\u0441\u043a\u0438\u0445.",
            "pub_date": "1856-05-02T00:00:00Z",
            "author": 4,
            "category": 4,
            "location": 11
        }
    },
    {
        "model": "blog.post",
        "pk": 30,
        "fields": {
            "created_at": "2022-12-18T23:06:19.077Z",
            "is_published": true,
            "title": "\u041f\u0440\u043e\u0434\u043e\u043b\u0436\u0435\u043d\u0438\u0435",
            "text": "\u0421\u0443\u0431\u0431\u043e\u0442\u0430. 5 \u043c\u0430\u044f (\u043f\u0440\u043e\u0434\u043e\u043b\u0436\u0435\u043d\u0438\u0435).\r\n\u0412\u0447\u0435\u0440\u0430 \u043f\u043e \u0434\u043e\u0440\u043e\u0433\u0435 \u0438\u0437 \u0413\u043e\u0440\u043e\u0434\u043d\u0438 \u0437\u0430\u0435\u0437\u0436\u0430\u043b\u0438 \u0432 \u041a\u043e\u0448\u0435\u043b\u0435\u0432\u043e \u043a \u0441\u0432\u044f\u0449\u0435\u043d\u043d\u0438\u043a\u0443, \u0443 \u043a\u043e\u0442\u043e\u0440\u043e\u0433\u043e \u0434\u0443\u043c\u0430\u043b\u0438 \u043d\u0430\u0439\u0442\u0438 \u0434\u043e\u043a\u0443\u043c\u0435\u043d\u0442\u044b \u043e \u0413\u043e\u0440\u043e\u0434\u043d\u0435, \u043d\u043e \u043d\u0430\u0448\u043b\u0438 \u0442\u043e\u043b\u044c\u043a\u043e \u0442\u043e, \u0447\u0442\u043e \u0443\u0436\u0435 \u0432\u0438\u0434\u0435\u043b \u041f\u0440\u0435\u043e\u0431\u0440\u0430\u0436\u0435\u043d\u0441\u043a\u0438\u0439. \u0427\u0430\u0441\u0430 \u0432 2 \u043f\u0440\u0438\u0435\u0445\u0430\u043b\u0438 \u0432 \u0422\u0432\u0435\u0440\u044c. \u0412\u0435\u0447\u0435\u0440\u043e\u043c \u0431\u044b\u043b \u0443 \u0423\u043d\u044c\u043a\u043e\u0432\u0441\u043a\u043e\u0433\u043e \u0438 \u043f\u043e\u0437\u043d\u0430\u043a\u043e\u043c\u0438\u043b\u0441\u044f \u0442\u0430\u043c \u0441 \u041f\u043e\u0442\u0443\u043b\u043e\u0432\u044b\u043c, \u043d\u0430\u0437\u043d\u0430\u0447\u0435\u043d\u043d\u044b\u043c \u0433\u0443\u0431\u0435\u0440\u043d\u0430\u0442\u043e\u0440\u043e\u043c \u0432 \u041e\u0440\u0435\u043d\u0431\u0443\u0440\u0433. \u0421\u0435\u0433\u043e\u0434\u043d\u044f \u0431\u044b\u043b\u0438 \u0423\u043d\u044c\u043a\u043e\u0432\u0441\u043a\u0438\u0439 \u0438 \u041b\u0430\u0432\u0440\u043e\u0432, \u043f\u0440\u043e\u0441\u0438\u0434\u0435\u043b \u0434\u043e\u043c\u0430. \u041d\u0430\u0447\u0430\u043b \u0441\u0442\u0430\u0442\u044c\u044e \u043e \u0413\u043e\u0440\u043e\u0434\u043d\u0435.",
            "pub_date": "1856-05-05T00:00:00Z",
            "author": 4,
            "category": 6,
            "location": 11
        }
    },
    {
        "model": "blog.post",
        "pk": 31,
        "fields": {
            "created_at": "2022-12-18T23:06:19.080Z",
            "is_published": true,
            "title": "\u041f\u043e\u043b\u0443\u0447\u0438\u043b \u0420\u0443\u0441\u0441\u043a\u0443\u044e \u0431\u0435\u0441\u0435\u0434\u0443",
            "text": "\u041f\u043e\u043b\u0443\u0447\u0438\u043b \u0420\u0443\u0441\u0441\u043a\u0443\u044e \u0431\u0435\u0441\u0435\u0434\u0443 \u0438 \u043f\u0438\u0441\u044c\u043c\u043e \u0414\u0440\u0438\u0430\u043d\u0441\u043a\u043e\u0433\u043e, \u0441 \u043f\u0440\u0438\u043b\u043e\u0436\u0435\u043d\u0438\u0435\u043c \u0413\u043e\u0440\u043e\u0434\u0441\u043a\u043e\u0433\u043e \u043b\u0438\u0441\u0442\u043a\u0430, \u0433\u0434\u0435 \u043f\u043e\u0434\u043b\u0435\u0446\u044b, \u0432\u043e\u0441\u043f\u043e\u043b\u044c\u0437\u043e\u0432\u0430\u0432\u0448\u0438\u0441\u044c \u043c\u043e\u0438\u043c \u043e\u0442\u0441\u0443\u0442\u0441\u0442\u0432\u0438\u0435\u043c, \u0438\u0437\u0431\u043b\u0435\u0432\u0430\u043b\u0438 \u043d\u043e\u0432\u0443\u044e \u0433\u0430\u0434\u043e\u0441\u0442\u044c. \u041d\u0430\u043f\u0438\u0448\u0443 \u043e\u0431 \u044d\u0442\u043e\u043c \u0432 \u041c\u043e\u0441\u043a\u043e\u0432\u0441\u043a\u0438\u0435 \u0432\u0435\u0434\u043e\u043c\u043e\u0441\u0442\u0438. \u0411\u044b\u043b \u043e\u0447\u0435\u043d\u044c \u043e\u0433\u043e\u0440\u0447\u0435\u043d \u0438 \u043d\u0435 \u043c\u043e\u0433 \u043d\u0438 \u0437\u0430 \u0447\u0442\u043e \u043f\u0440\u0438\u043d\u044f\u0442\u044c\u0441\u044f.",
            "pub_date": "1856-05-06T00:00:00Z",
            "author": 4,
            "category": 1,
            "location": 11
        }
    },
    {
        "model": "blog.post",
        "pk": 32,
        "fields": {
            "created_at": "2022-12-18T23:06:19.083Z",
            "is_published": true,
            "title": "\u041d\u0435\u043c\u043d\u043e\u0433\u043e \u0443\u0441\u043f\u043e\u043a\u043e\u0438\u043b\u0441\u044f",
            "text": "\u0412\u0447\u0435\u0440\u0430 \u0447\u0438\u0442\u0430\u043b \u0420\u0443\u0441\u0441\u043a\u0443\u044e \u0431\u0435\u0441\u0435\u0434\u0443 \u0438 \u043d\u0435\u043c\u043d\u043e\u0433\u043e \u0443\u0441\u043f\u043e\u043a\u043e\u0438\u043b\u0441\u044f. \u0412\u0435\u0447\u0435\u0440\u043e\u043c \u0431\u044b\u043b \u041a\u043e\u043b\u044b\u0448\u043a\u0438\u043d. \u0421\u0435\u0433\u043e\u0434\u043d\u044f \u0435\u0434\u0443 \u0432 \u0441\u0442\u0430\u0442\u0438\u0441\u0442\u0438\u0447\u0435\u0441\u043a\u0438\u0439 \u043a\u043e\u043c\u0438\u0442\u0435\u0442 \u0438 \u043a \u0433\u0443\u0431\u0435\u0440\u043d\u0430\u0442\u043e\u0440\u0443.",
            "pub_date": "1856-05-08T00:00:00Z",
            "author": 4,
            "category": 1,
            "location": 11
        }
    },
    {
        "model": "blog.post",
        "pk": 33,
        "fields": {
            "created_at": "2022-12-18T23:06:19.086Z",
            "is_published": true,
            "title": "\u041f\u043e\u0437\u0434\u0440\u0430\u0432\u0438\u043b \u041a\u043e\u043b\u044b\u0448\u043a\u0438\u043d\u0430",
            "text": "\u0412\u0447\u0435\u0440\u0430 \u0443 \u0433\u0443\u0431\u0435\u0440\u043d\u0430\u0442\u043e\u0440\u0430 \u043d\u0435 \u0431\u044b\u043b, \u043d\u0435\u043b\u044c\u0437\u044f \u0431\u044b\u043b\u043e \u0435\u0445\u0430\u0442\u044c \u041a\u043e\u043b\u044b\u0448\u043a\u0438\u043d\u0443. \u0421\u0435\u0433\u043e\u0434\u043d\u044f \u0431\u044b\u043b \u0443 \u041a\u043e\u043b\u044b\u0448\u043a\u0438\u043d\u0430, \u043f\u043e\u0437\u0434\u0440\u0430\u0432\u0438\u043b \u0435\u0433\u043e \u0441 \u0430\u043d\u0433\u0435\u043b\u043e\u043c. \u0415\u0437\u0434\u0438\u043b\u0438 \u0441 \u043d\u0438\u043c \u043a \u0433\u0443\u0431\u0435\u0440\u043d\u0430\u0442\u043e\u0440\u0443, \u043a\u043e\u0442\u043e\u0440\u044b\u0439 \u043f\u0440\u0438\u043d\u044f\u043b \u043d\u0430\u0441 \u043e\u0447\u0435\u043d\u044c \u0445\u043e\u0440\u043e\u0448\u043e. \u041e\u0431\u0435\u0434\u0430\u043b \u0443 \u0423\u043d\u044c\u043a\u043e\u0432\u0441\u043a\u043e\u0433\u043e, \u0442\u0430\u043c \u0431\u044b\u043b\u0438 \u0420\u0436\u0435\u0432\u0441\u043a\u0438\u0439, \u0438\u043d\u0441\u043f\u0435\u043a\u0442\u043e\u0440 \u041e\u0440\u0435\u043d\u0431\u0443\u0440\u0433\u0441\u043a\u043e\u0439 \u0433\u0443\u0431\u0435\u0440\u043d\u0438\u0438 \u0438 \u041a\u043e\u0437\u0430\u043a\u043e\u0432; \u0447\u0438\u0442\u0430\u043b \"\u0421\u0432\u043e\u0438 \u043b\u044e\u0434\u0438 -- \u0441\u043e\u0447\u0442\u0435\u043c\u0441\u044f\".",
            "pub_date": "1856-05-09T00:00:00Z",
            "author": 4,
            "category": 4,
            "location": 11
        }
    },
    {
        "model": "blog.post",
        "pk": 34,
        "fields": {
            "created_at": "2022-12-18T23:06:19.088Z",
            "is_published": true,
            "title": "\u041f\u043e\u043b\u043d\u043e\u0447\u044c. \u0422\u043e\u0440\u0436\u043e\u043a.",
            "text": "10 \u043c\u0430\u044f. 12 \u0447\u0430\u0441\u043e\u0432. \u041f\u043e\u043b\u043d\u043e\u0447\u044c. \u0422\u043e\u0440\u0436\u043e\u043a.\r\n\u0421\u0435\u0433\u043e\u0434\u043d\u044f \u043f\u043e\u0443\u0442\u0440\u0443 \u0441\u043e\u0431\u0438\u0440\u0430\u043b\u0438\u0441\u044c. \u041f\u043e\u043e\u0431\u0435\u0434\u0430\u043b\u0438, \u0432\u0437\u044f\u043b\u0438 \u041b\u0430\u0432\u0440\u043e\u0432\u0430 \u0441 \u0441\u043e\u0431\u043e\u0439 \u0438 \u043f\u043e\u0435\u0445\u0430\u043b\u0438 \u0432 \u0422\u043e\u0440\u0436\u043e\u043a.",
            "pub_date": "1856-05-10T00:00:00Z",
            "author": 4,
            "category": 5,
            "location": 12
        }
    },
    {
        "model": "blog.post",
        "pk": 35,
        "fields": {
            "created_at": "2022-12-18T23:06:19.091Z",
            "is_published": true,
            "title": "\u0425\u043e\u0434\u0438\u043b\u0438 \u043f\u043e \u0433\u043e\u0440\u043e\u0434\u0443",
            "text": "\u0425\u043e\u0434\u0438\u043b\u0438 \u043f\u043e \u0433\u043e\u0440\u043e\u0434\u0443, \u043a\u043e\u0442\u043e\u0440\u044b\u0439 \u0440\u0430\u0441\u043f\u043e\u043b\u043e\u0436\u0435\u043d \u043d\u0430 \u0433\u043e\u0440\u0430\u0445. \u0412\u0438\u0434 \u0441 \u0431\u0443\u043b\u044c\u0432\u0430\u0440\u0430 \u043d\u0430 \u0442\u0443 \u0441\u0442\u043e\u0440\u043e\u043d\u0443 \u0422\u0432\u0435\u0440\u0446\u044b \u0432\u044b\u0448\u0435 \u0432\u0441\u044f\u043a\u043e\u0439 \u043f\u043e\u0445\u0432\u0430\u043b\u044b. \u0411\u044b\u043b \u0433\u043e\u0440\u043e\u0434\u043d\u0438\u0447\u0438\u0439. \u041f\u043e\u0442\u043e\u043c \u0431\u044b\u043b \u0432\u0438\u043d\u043d\u044b\u0439 \u043f\u0440\u0438\u0441\u0442\u0430\u0432 \u0420\u0430\u0437\u0432\u0430\u0434\u043e\u0432\u0441\u043a\u0438\u0439 (\u0440\u044b\u0431\u043e\u043b\u043e\u0432). \u0420\u0435\u043a\u043e\u043c\u0435\u043d\u0434\u043e\u0432\u0430\u043b\u0441\u044f \u0442\u0430\u043a: \u0447\u0435\u0441\u0442\u044c \u0438\u043c\u0435\u044e \u043f\u0440\u0435\u0434\u0441\u0442\u0430\u0432\u0438\u0442\u044c\u0441\u044f, \u0447\u0435\u043b\u043e\u0432\u0435\u043a \u0441 \u0431\u043e\u043b\u044c\u0448\u0438\u043c\u0438 \u0443\u0441\u0430\u043c\u0438 \u0438 \u043c\u0430\u043b\u044b\u043c\u0438 \u0441\u043f\u043e\u0441\u043e\u0431\u043d\u043e\u0441\u0442\u044f\u043c\u0438. \u0417\u0430\u043c\u0435\u0447\u0430\u0442\u0435\u043b\u0435\u043d \u043a\u043e\u0441\u0442\u044e\u043c \u0437\u0434\u0435\u0448\u043d\u0438\u0445 \u0436\u0435\u043d\u0449\u0438\u043d \u0438 \u0433\u0443\u043b\u044f\u043d\u044c\u0435 \u0434\u0435\u0432\u0443\u0448\u0435\u043a \u043f\u043e \u0432\u0435\u0447\u0435\u0440\u0430\u043c \u043d\u0430 \u0431\u0443\u043b\u044c\u0432\u0430\u0440\u0435.",
            "pub_date": "1856-05-11T00:00:00Z",
            "author": 4,
            "category": 3,
            "location": 12
        }
    },
    {
        "model": "blog.post",
        "pk": 36,
        "fields": {
            "created_at": "2022-12-18T23:06:19.094Z",
            "is_published": true,
            "title": "\u0416\u0438\u0432. \u0421\u043e\u0432\u0435\u0440\u0448\u0435\u043d\u043d\u043e \u0437\u0434\u043e\u0440\u043e\u0432.",
            "text": "\u0416\u0438\u0432. \u0421\u043e\u0432\u0435\u0440\u0448\u0435\u043d\u043d\u043e \u0437\u0434\u043e\u0440\u043e\u0432. \u041d\u044b\u043d\u0447\u0435 \u043f\u0438\u0441\u0430\u043b \u0434\u043e\u0432\u043e\u043b\u044c[\u043d\u043e] \u0445\u043e\u0440\u043e\u0448\u043e. \u0412\u0435\u0447\u0435\u0440\u043e\u043c \u043f\u043e\u0441\u043b\u0435 \u043e\u0431\u0435\u0434\u0430 \u0445\u043e\u0434\u0438\u043b \u0432 \u0429\u0435\u043b\u043a\u043e\u0432\u043e. \u041e\u0447\u0435\u043d\u044c \u0431\u044b\u043b\u0430 \u043f\u0440\u0438\u044f\u0442\u043d\u0430 \u043f\u0440\u043e\u0433\u0443\u043b\u043a\u0430 \u043f\u0440\u0438 \u043b\u0443\u043d\u043d\u043e\u043c \u0441\u0432\u0435\u0442\u0435. \u041d\u0430\u043f\u0438\u0441\u0430\u043b \u043f\u0438\u0441\u044c\u043c\u043e \u041f\u043e\u0448\u0435, \u043e\u0442\u043a\u0440\u044b\u0442\u043e\u0435. \u041f\u043e\u043b\u0443\u0447\u0438\u043b \u043f\u0438\u0441\u044c\u043c\u043e \u043e\u0442 \u0422\u0440\u0435\u0433\u0443\u0431\u043e\u0432\u0430. \u0420\u0430\u0437\u0434\u0440\u0430\u0436\u0430\u0435\u0442\u0441\u044f \u0437\u0430 \u0442\u043e, \u0447\u0442\u043e \u043f\u0435\u0440\u0435\u0445\u0432\u0430\u0442\u044b\u0432\u0430\u044e\u0442 \u043f\u0438\u0441\u044c\u043c\u0430. \u0410 \u044f \u043d\u0435 \u0434\u043e\u0441\u0430\u0434\u0443\u044e. \u041f\u043e\u043d\u044f\u043b, \u0447\u0442\u043e \u043d\u0430\u0434\u043e \u0436\u0430\u043b\u0435\u0442\u044c \u0438\u0445, \u0438 \u0438\u0441\u0442\u0438\u043d\u043d\u043e \u0436\u0430\u043b\u0435\u044e. \u0417\u0430\u0432\u0442\u0440\u0430 \u0435\u0434\u0435\u043c. \u041c\u044b \u0437\u0434\u0435\u0441\u044c \u0446\u0435\u043b\u044b\u0439 \u043c\u0435\u0441\u044f\u0446.",
            "pub_date": "1897-03-02T00:00:00Z",
            "author": 2,
            "category": 6,
            "location": 6
        }
    },
    {
        "model": "blog.post",
        "pk": 37,
        "fields": {
            "created_at": "2022-12-18T23:06:19.097Z",
            "is_published": true,
            "title": "\u0423\u0442\u0440\u043e\u043c \u043f\u043e\u0447\u0442\u0438 \u043d\u0435 \u0437\u0430\u043d\u0438\u043c\u0430\u043b\u0441\u044f",
            "text": "\u0423\u0442\u0440\u043e\u043c \u043f\u043e\u0447\u0442\u0438 \u043d\u0435 \u0437\u0430\u043d\u0438\u043c\u0430\u043b\u0441\u044f. \u0417\u0430\u043f\u043d\u0443\u043b\u0441\u044f \u043d\u0430\u0434 \u0438\u0441\u0442\u043e\u0440\u0438\u0447\u0435\u0441\u043a\u0438\u043c \u0445\u043e\u0434\u043e\u043c \u0438\u0441\u043a\u0443\u0441\u0441\u0442\u0432\u0430. \u0413\u0443\u043b\u044f\u043b. \u041f\u043e\u0441\u043b\u0435 \u043e\u0431\u0435\u0434\u0430 \u043f\u043e\u0435\u0445\u0430\u043b. \u041f\u0440\u0438\u0435\u0445\u0430\u043b \u0432 10. \u0414\u043e\u043c\u0430 \u0445\u043e\u0440\u043e\u0448\u043e \u0431\u044b, \u0434\u0430 \u043d\u0435 \u0434\u0440\u0443\u0436\u043d\u043e.",
            "pub_date": "1897-03-04T00:00:00Z",
            "author": 2,
            "category": 1,
            "location": 5
        }
    },
    {
        "model": "blog.post",
        "pk": 38,
        "fields": {
            "created_at": "2022-12-18T23:06:19.099Z",
            "is_published": true,
            "title": "\u0411\u0430\u0442\u044e\u0448\u043a\u0438, \u0441\u043a\u043e\u043b\u044c\u043a\u043e \u0434\u043d\u0435\u0439 \u043f\u0440\u043e\u043f\u0443\u0441\u0442\u0438\u043b",
            "text": "\u0411\u0430\u0442\u044e\u0448\u043a\u0438, \u0441\u043a\u043e\u043b\u044c\u043a\u043e \u0434\u043d\u0435\u0439 \u043f\u0440\u043e\u043f\u0443\u0441\u0442\u0438\u043b. \u041d\u044b\u043d\u0447\u0435 9 \u041c\u0430\u0440. \u041c\u043e\u0441\u043a\u0432\u0430. \u0418\u0437 \u044d\u0442\u0438\u0445 4-\u0445 \u0434\u043d\u0435\u0439 \u0434\u043d\u044f \u0434\u0432\u0430 \u043f\u0438\u0441\u0430\u043b \u041e\u0431 \u0438\u0441\u043a\u0443\u0441\u0441\u0442\u0432\u0435 \u0438 \u043d\u044b\u043d\u0447\u0435 \u0434\u043e\u0432\u043e\u043b\u044c\u043d\u043e \u043c\u043d\u043e\u0433\u043e. \u041e\u0447\u0435\u043d\u044c \u0437\u0430\u0445\u043e\u0442\u0435\u043b\u043e\u0441\u044c \u043f\u0438\u0441\u0430\u0442\u044c \u0425[\u0430\u0434\u0436\u0438]-\u041c[\u0443\u0440\u0430\u0442\u0430] \u0438 \u043a\u0430\u043a-\u0442\u043e \u0445\u043e\u0440\u043e\u0448\u043e \u043e\u0431\u0434\u0443\u043c\u0430\u043b\u043e\u0441\u044c \u2014 \u0443\u043c\u0438\u043b\u0438\u0442\u0435\u043b\u044c\u043d\u043e. \u041e\u0442 \u041f\u043e\u0448\u0438 \u043f\u0438\u0441\u044c\u043c\u043e; \u043d\u0430\u043f\u0438\u0441\u0430\u043b \u0427[\u0435\u0440\u0442\u043a\u043e\u0432\u0443] \u0438 \u041a\u043e\u043d\u0438 \u043e \u0441\u0442\u0440\u0430\u0448\u043d\u043e\u043c \u0441\u043e\u0431\u044b\u0442\u0438\u0438 \u0441 \u0412\u0435\u0442\u0440\u043e\u0432\u043e\u0439. \u041d\u0435 \u0431\u0443\u0434\u0443 \u043f\u0438\u0441\u0430\u0442\u044c, \u0447\u0442\u043e \u0437\u0430\u043f\u0438\u0441\u0430\u043d\u043e. \u0412\u0441\u0451 \u0432 \u0442\u043e\u043c \u0436\u0435 \u0441\u043f\u043e\u043a\u043e\u0439\u043d\u043e\u043c, \u043f[\u043e\u0442\u043e\u043c\u0443] \u0447[\u0442\u043e] \u043b\u044e\u0431\u043e\u0432\u043d\u043e\u043c \u043d\u0430\u0441\u0442\u0440\u043e\u0435\u043d\u0438\u0438. \u041a\u0430\u043a \u0442\u043e\u043b\u044c\u043a\u043e \u0445\u043e\u0447\u0435\u0442\u0441\u044f \u043e\u0433\u043e\u0440\u0447\u0438\u0442\u044c\u0441\u044f, \u0443\u0441\u0442\u0430\u0442\u044c, \u0432\u0441\u043f\u043e\u043c\u043d\u044e \u043f\u0440\u043e \u0411\u043e\u0433\u0430 \u0438 \u043f\u0440\u043e \u0442\u043e, \u0447\u0442\u043e \u0434\u0435\u043b\u043e \u043c\u043e\u0435 \u043e\u0434\u043d\u043e: \u043b\u044e\u0431\u0438\u0442\u044c, \u043d\u0435 \u0434\u0443\u043c\u0430\u044f \u043e \u0442\u043e\u043c, \u0447\u0442\u043e \u0431\u0443\u0434\u0435\u0442, \u0438 \u0441\u0435\u0439\u0447\u0430\u0441 \u043b\u0435\u0433\u043a\u043e. \u0422\u0430\u043d\u044f \u0443\u0435\u0437\u0436\u0430\u0435\u0442 \u0432 \u042f\u0441\u043d\u0443\u044e.",
            "pub_date": "1897-03-09T00:00:00Z",
            "author": 2,
            "category": 1,
            "location": 5
        }
    },
    {
        "model": "blog.post",
        "pk": 39,
        "fields": {
            "created_at": "2022-12-18T23:06:19.102Z",
            "is_published": true,
            "title": "\u041d\u0435 \u0434\u0443\u0440\u043d\u043e \u043f\u0440\u043e\u0436\u0438\u043b",
            "text": "\u041d\u0435 \u0434\u0443\u0440\u043d\u043e \u043f\u0440\u043e\u0436\u0438\u043b. \u0412\u0438\u0436\u0443 \u043a\u043e\u043d\u0435\u0446 \u0432 \u0441\u0442\u0430\u0442\u044c\u0435 \u043e\u0431 \u0438\u0441\u043a\u0443\u0441\u0441\u0442\u0432\u0435. \u0412\u0441\u0451 \u0442\u043e \u0436\u0435 \u0441\u043f\u043e\u043a\u043e\u0439\u0441\u0442\u0432\u0438\u0435. \u0411\u043b\u0430\u0433\u043e\u0434\u0430\u0440\u044e \u0411\u043e\u0433\u0430. \u0421\u0435\u0439\u0447\u0430\u0441 \u043d\u0430\u043f\u0438\u0441\u0430\u043b \u043f\u0438\u0441\u044c\u043c\u0430. \u0412\u0435\u0447\u0435\u0440. \u0418\u0434\u0443 \u0432 \u0441\u043a\u0443\u0447\u043d\u0443\u044e \u0433\u043e\u0441\u0442\u0438\u043d[\u0443\u044e].",
            "pub_date": "1897-03-15T00:00:00Z",
            "author": 2,
            "category": 1,
            "location": 5
        }
    },
    {
        "model": "admin.logentry",
        "pk": 1,
        "fields": {
            "action_time": "2022-12-18T22:58:32.970Z",
            "user": 1,
            "content_type": 7,
            "object_id": "2",
            "object_repr": "leo",
            "action_flag": 1,
            "change_message": "[{\"added\": {}}]"
        }
    },
    {
        "model": "admin.logentry",
        "pk": 2,
        "fields": {
            "action_time": "2022-12-18T22:58:46.672Z",
            "user": 1,
            "content_type": 7,
            "object_id": "3",
            "object_repr": "anton",
            "action_flag": 1,
            "change_message": "[{\"added\": {}}]"
        }
    },
    {
        "model": "admin.logentry",
        "pk": 3,
        "fields": {
            "name": "\u0421\u0435\u0432\u0435\u0440",
            "is_published": false,
            "created_at": "2026-03-08T07:53:14"
        }
    },
    {
        "model": "admin.logentry",
        "pk": 4,
        "fields": {
            "action_time": "2022-12-18T22:59:22.949Z",
            "user": 1,
            "content_type": 7,
            "object_id": "2",
            "object_repr": "leo",
            "action_flag": 2,
            "change_message": "[{\"changed\": {\"fields\": [\"First name\", \"Last name\"]}}]"
        }
    },
    {
        "model": "admin.logentry",
        "pk": 5,
        "fields": {
            "action_time": "2022-12-18T22:59:35.767Z",
            "user": 1,
            "content_type": 7,
            "object_id": "3",
            "object_repr": "anton",
            "action_flag": 2,
            "change_message": "[{\"changed\": {\"fields\": [\"First name\", \"Last name\"]}}]"
        }
    },
    {
        "model": "admin.logentry",
        "pk": 6,
        "fields": {
            "action_time": "2022-12-18T23:00:05.266Z",
            "user": 1,
            "content_type": 7,
            "object_id": "4",
            "object_repr": "alex",
            "action_flag": 2,
            "change_message": "[{\"changed\": {\"fields\": [\"First name\", \"Last name\"]}}]"
        }
    },
    {
        "model": "admin.logentry",
        "pk": 7,
        "fields": {
            "action_time": "2022-12-18T23:00:36.481Z",
            "user": 1,
            "content_type": 2,
            "object_id": "1",
            "object_repr": "\u0411\u0430\u0439\u043e\u043d\u0430",
            "action_flag": 1,
            "change_message": "[{\"added\": {}}]"
        }
    },
    {
        "model": "admin.logentry",
        "pk": 8,
        "fields": {
            "action_time": "2022-12-18T23:00:51.058Z",
            "user": 1,
            "content_type": 2,
            "object_id": "2",
            "object_repr": "\u0411\u0438\u0430\u0440\u0440\u0438\u0446",
            "action_flag": 1,
            "change_message": "[{\"added\": {}}]"
        }
    },
    {
        "model": "admin.logentry",
        "pk": 9,
        "fields": {
            "action_time": "2022-12-18T23:01:08.179Z",
            "user": 1,
            "content_type": 2,
            "object_id": "3",
            "object_repr": "\u041c\u0435\u043b\u0438\u0445\u043e\u0432\u043e",
            "action_flag": 1,
            "change_message": "[{\"added\": {}}]"
        }
    },
    {
        "model": "admin.logentry",
        "pk": 10,
        "fields": {
            "action_time": "2022-12-18T23:01:15.239Z",
            "user": 1,
            "content_type": 2,
            "object_id": "4",
            "object_repr": "\u041c\u043e\u043d\u0442\u0435-\u041a\u0430\u0440\u043b\u043e",
            "action_flag": 1,
            "change_message": "[{\"added\": {}}]"
        }
    },
    {
        "model": "admin.logentry",
        "pk": 11,
        "fields": {
            "action_time": "2022-12-18T23:01:34.379Z",
            "user": 1,
            "content_type": 2,
            "object_id": "5",
            "object_repr": "\u041c\u043e\u0441\u043a\u0432\u0430",
            "action_flag": 1,
            "change_message": "[{\"added\": {}}]"
        }
    },
    {
        "model": "admin.logentry",
        "pk": 12,
        "fields": {
            "action_time": "2022-12-18T23:01:47.104Z",
            "user": 1,
            "content_type": 2,
            "object_id": "6",
            "object_repr": "\u041d\u0438\u043a\u043e\u043b\u044c\u0441\u043a\u043e\u0435-\u041e\u0431\u043e\u043b\u044c\u044f\u043d\u0438\u043d\u043e\u0432\u043e",
            "action_flag": 1,
            "change_message": "[{\"added\": {}}]"
        }
    },
    {
        "model": "admin.logentry",
        "pk": 14,
        "fields": {
            "action_time": "2022-12-18T23:02:08.990Z",
            "user": 1,
            "content_type": 2,
            "object_id": "8",
            "object_repr": "\u041f\u0430\u0440\u0438\u0436",
            "action_flag": 1,
            "change_message": "[{\"added\": {}}]"
        }
    },
    {
        "model": "admin.logentry",
        "pk": 15,
        "fields": {
            "action_time": "2022-12-18T23:02:15.076Z",
            "user": 1,
            "content_type": 2,
            "object_id": "9",
            "object_repr": "\u041f\u0435\u0442\u0435\u0440\u0431\u0443\u0440\u0433",
            "action_flag": 1,
            "change_message": "[{\"added\": {}}]"
        }
    },
    {
        "model": "admin.logentry",
        "pk": 16,
        "fields": {
            "action_time": "2022-12-18T23:02:34.914Z",
            "user": 1,
            "content_type": 2,
            "object_id": "10",
            "object_repr": "\u0421\u0435\u0440\u043f\u0443\u0445\u043e\u0432",
            "action_flag": 1,
            "change_message": "[{\"added\": {}}]"
        }
    },
    {
        "model": "admin.logentry",
        "pk": 17,
        "fields": {
            "action_time": "2022-12-18T23:02:38.963Z",
            "user": 1,
            "content_type": 2,
            "object_id": "11",
            "object_repr": "\u0422\u0432\u0435\u0440\u044c",
            "action_flag": 1,
            "change_message": "[{\"added\": {}}]"
        }
    },
    {
        "model": "admin.logentry",
        "pk": 18,
        "fields": {
            "action_time": "2022-12-18T23:02:43.799Z",
            "user": 1,
            "content_type": 2,
            "object_id": "12",
            "object_repr": "\u0422\u043e\u0440\u0436\u043e\u043a",
            "action_flag": 1,
            "change_message": "[{\"added\": {}}]"
        }
    },
    {
        "model": "admin.logentry",
        "pk": 19,
        "fields": {
            "action_time": "2022-12-18T23:03:52.162Z",
            "user": 1,
            "content_type": 1,
            "object_id": "1",
            "object_repr": "\u0414\u0435\u043d\u044c \u043a\u0430\u043a \u0434\u0435\u043d\u044c",
            "action_flag": 1,
            "change_message": "[{\"added\": {}}]"
        }
    },
    {
        "model": "admin.logentry",
        "pk": 20,
        "fields": {
            "action_time": "2022-12-18T23:04:21.683Z",
            "user": 1,
            "content_type": 1,
            "object_id": "2",
            "object_repr": "\u0417\u0434\u043e\u0440\u043e\u0432\u044c\u0435",
            "action_flag": 1,
            "change_message": "[{\"added\": {}}]"
        }
    },
    {
        "model": "admin.logentry",
        "pk": 21,
        "fields": {
            "action_time": "2022-12-18T23:04:48.752Z",
            "user": 1,
            "content_type": 1,
            "object_id": "3",
            "object_repr": "\u041d\u0430\u0431\u043b\u044e\u0434\u0435\u043d\u0438\u044f",
            "action_flag": 1,
            "change_message": "[{\"added\": {}}]"
        }
    },
    {
        "model": "admin.logentry",
        "pk": 22,
        "fields": {
            "action_time": "2022-12-18T23:05:14.574Z",
            "user": 1,
            "content_type": 1,
            "object_id": "4",
            "object_repr": "\u041f\u043e\u0441\u0438\u0434\u0435\u043b\u043a\u0438",
            "action_flag": 1,
            "change_message": "[{\"added\": {}}]"
        }
    },
    {
        "model": "admin.logentry",
        "pk": 23,
        "fields": {
            "action_time": "2022-12-18T23:05:41.356Z",
            "user": 1,
            "content_type": 1,
            "object_id": "5",
            "object_repr": "\u041f\u0443\u0442\u0435\u0448\u0435\u0441\u0442\u0432\u0438\u044f",
            "action_flag": 1,
            "change_message": "[{\"added\": {}}]"
        }
    },
    {
        "model": "admin.logentry",
        "pk": 24,
        "fields": {
            "action_time": "2022-12-18T23:06:07.546Z",
            "user": 1,
            "content_type": 1,
            "object_id": "6",
            "object_repr": "\u0420\u0430\u0431\u043e\u0442\u0430",
            "action_flag": 1,
            "change_message": "[{\"added\": {}}]"
        }
    },
    {
        "model": "admin.logentry",
        "pk": 25,
        "fields": {
            "action_time": "2022-12-18T23:08:09.337Z",
            "user": 1,
            "content_type": 3,
            "object_id": "2",
            "object_repr": "\u0411\u043b\u0438\u043d\u044b",
            "action_flag": 2,
            "change_message": "[{\"changed\": {\"fields\": [\"\\u0417\\u0430\\u0433\\u043e\\u043b\\u043e\\u0432\\u043e\\u043a\"]}}]"
        }
    },
    {
        "model": "admin.logentry",
        "pk": 26,
        "fields": {
            "action_time": "2022-12-18T23:08:31.327Z",
            "user": 1,
            "content_type": 3,
            "object_id": "22",
            "object_repr": "\u041a\u0440\u0430\u0436\u0430",
            "action_flag": 2,
            "change_message": "[{\"changed\": {\"fields\": [\"\\u0417\\u0430\\u0433\\u043e\\u043b\\u043e\\u0432\\u043e\\u043a\"]}}]"
        }
    },
    {
        "model": "admin.logentry",
        "pk": 27,
        "fields": {
            "action_time": "2022-12-18T23:08:44.897Z",
            "user": 1,
            "content_type": 3,
            "object_id": "21",
            "object_repr": "\u041d\u0435\u043f\u0440\u0438\u044f\u0442\u043d\u043e\u0435 \u0437\u0440\u0435\u043b\u0438\u0449\u0435",
            "action_flag": 2,
            "change_message": "[{\"changed\": {\"fields\": [\"\\u0417\\u0430\\u0433\\u043e\\u043b\\u043e\\u0432\\u043e\\u043a\"]}}]"
        }
    },
    {
        "model": "admin.logentry",
        "pk": 28,
        "fields": {
            "action_time": "2022-12-18T23:09:09.960Z",
            "user": 1,
            "content_type": 3,
            "object_id": "20",
            "object_repr": "\u041f\u0440\u0438\u0437\u043d\u0430\u043d\u0438\u044f \u0448\u043f\u0438\u043e\u043d\u0430",
            "action_flag": 2,
            "change_message": "[{\"changed\": {\"fields\": [\"\\u0417\\u0430\\u0433\\u043e\\u043b\\u043e\\u0432\\u043e\\u043a\", \"\\u0422\\u0435\\u043a\\u0441\\u0442\"]}}]"
        }
    },
    {
        "model": "admin.logentry",
        "pk": 29,
        "fields": {
            "action_time": "2022-12-18T23:09:22.383Z",
            "user": 1,
            "content_type": 3,
            "object_id": "22",
            "object_repr": "\u041a\u0440\u0430\u0436\u0430",
            "action_flag": 2,
            "change_message": "[{\"changed\": {\"fields\": [\"\\u0422\\u0435\\u043a\\u0441\\u0442\"]}}]"
        }
    },
    {
        "model": "admin.logentry",
        "pk": 30,
        "fields": {
            "action_time": "2022-12-18T23:09:27.837Z",
            "user": 1,
            "content_type": 3,
            "object_id": "21",
            "object_repr": "\u041d\u0435\u043f\u0440\u0438\u044f\u0442\u043d\u043e\u0435 \u0437\u0440\u0435\u043b\u0438\u0449\u0435",
            "action_flag": 2,
            "change_message": "[{\"changed\": {\"fields\": [\"\\u0422\\u0435\\u043a\\u0441\\u0442\"]}}]"
        }
    },
    {
        "model": "admin.logentry",
        "pk": 31,
        "fields": {
            "action_time": "2022-12-18T23:09:45.708Z",
            "user": 1,
            "content_type": 3,
            "object_id": "19",
            "object_repr": "\u0417\u043d\u0430\u043a\u043e\u043c\u0441\u0442\u0432\u043e \u0441 \u041c\u0430\u043a\u0441\u0438\u043c\u043e\u043c \u041a\u043e\u0432\u0430\u043b\u0435\u0432\u0441\u043a\u0438\u043c",
            "action_flag": 2,
            "change_message": "[{\"changed\": {\"fields\": [\"\\u0417\\u0430\\u0433\\u043e\\u043b\\u043e\\u0432\\u043e\\u043a\", \"\\u0422\\u0435\\u043a\\u0441\\u0442\"]}}]"
        }
    },
    {
        "model": "admin.logentry",
        "pk": 32,
        "fields": {
            "action_time": "2022-12-18T23:10:06.162Z",
            "user": 1,
            "content_type": 3,
            "object_id": "18",
            "object_repr": "\u0414\u043e\u0440\u043e\u0433\u0430",
            "action_flag": 2,
            "change_message": "[{\"changed\": {\"fields\": [\"\\u0417\\u0430\\u0433\\u043e\\u043b\\u043e\\u0432\\u043e\\u043a\", \"\\u0422\\u0435\\u043a\\u0441\\u0442\"]}}]"
        }
    },
    {
        "model": "admin.logentry",
        "pk": 33,
        "fields": {
            "action_time": "2022-12-18T23:10:29.853Z",
            "user": 1,
            "content_type": 3,
            "object_id": "17",
            "object_repr": "\u0411\u043e\u0439 \u0441 \u043a\u043e\u0440\u043e\u0432\u0430\u043c\u0438",
            "action_flag": 2,
            "change_message": "[{\"changed\": {\"fields\": [\"\\u0417\\u0430\\u0433\\u043e\\u043b\\u043e\\u0432\\u043e\\u043a\", \"\\u0422\\u0435\\u043a\\u0441\\u0442\"]}}]"
        }
    },
    {
        "model": "admin.logentry",
        "pk": 34,
        "fields": {
            "action_time": "2022-12-18T23:11:06.540Z",
            "user": 1,
            "content_type": 3,
            "object_id": "16",
            "object_repr": "\u0417\u0434\u0435\u0441\u044c \u043c\u043d\u043e\u0433\u043e \u0440\u0443\u0441\u0441\u043a\u0438\u0445",
            "action_flag": 2,
            "change_message": "[{\"changed\": {\"fields\": [\"\\u0417\\u0430\\u0433\\u043e\\u043b\\u043e\\u0432\\u043e\\u043a\", \"\\u0422\\u0435\\u043a\\u0441\\u0442\"]}}]"
        }
    },
    {
        "model": "admin.logentry",
        "pk": 35,
        "fields": {
            "action_time": "2022-12-18T23:11:20.482Z",
            "user": 1,
            "content_type": 3,
            "object_id": "15",
            "object_repr": "\u041f\u0430\u0440\u0438\u0436",
            "action_flag": 2,
            "change_message": "[{\"changed\": {\"fields\": [\"\\u0417\\u0430\\u0433\\u043e\\u043b\\u043e\\u0432\\u043e\\u043a\", \"\\u0422\\u0435\\u043a\\u0441\\u0442\"]}}]"
        }
    },
    {
        "model": "admin.logentry",
        "pk": 36,
        "fields": {
            "action_time": "2022-12-18T23:12:07.616Z",
            "user": 1,
            "content_type": 3,
            "object_id": "14",
            "object_repr": "\u041a\u043b\u043e\u043f\u044b",
            "action_flag": 2,
            "change_message": "[{\"changed\": {\"fields\": [\"\\u0417\\u0430\\u0433\\u043e\\u043b\\u043e\\u0432\\u043e\\u043a\"]}}]"
        }
    },
    {
        "model": "admin.logentry",
        "pk": 37,
        "fields": {
            "action_time": "2022-12-18T23:12:24.037Z",
            "user": 1,
            "content_type": 3,
            "object_id": "13",
            "object_repr": "\u042f \u0432 \u041f\u0435\u0442\u0435\u0440\u0431\u0443\u0440\u0433\u0435",
            "action_flag": 2,
            "change_message": "[{\"changed\": {\"fields\": [\"\\u0417\\u0430\\u0433\\u043e\\u043b\\u043e\\u0432\\u043e\\u043a\", \"\\u0422\\u0435\\u043a\\u0441\\u0442\"]}}]"
        }
    },
    {
        "model": "admin.logentry",
        "pk": 38,
        "fields": {
            "action_time": "2022-12-18T23:12:42.230Z",
            "user": 1,
            "content_type": 3,
            "object_id": "12",
            "object_repr": "\u041c\u0435\u0434\u0430\u043b\u044c",
            "action_flag": 2,
            "change_message": "[{\"changed\": {\"fields\": [\"\\u0417\\u0430\\u0433\\u043e\\u043b\\u043e\\u0432\\u043e\\u043a\", \"\\u0422\\u0435\\u043a\\u0441\\u0442\"]}}]"
        }
    },
    {
        "model": "admin.logentry",
        "pk": 39,
        "fields": {
            "action_time": "2022-12-18T23:12:57.698Z",
            "user": 1,
            "content_type": 3,
            "object_id": "11",
            "object_repr": "\u041c\u0435\u043d\u044f \u043f\u0438\u0448\u0435\u0442 \u0445\u0443\u0434\u043e\u0436\u043d\u0438\u043a",
            "action_flag": 2,
            "change_message": "[{\"changed\": {\"fields\": [\"\\u0417\\u0430\\u0433\\u043e\\u043b\\u043e\\u0432\\u043e\\u043a\"]}}]"
        }
    },
    {
        "model": "admin.logentry",
        "pk": 40,
        "fields": {
            "action_time": "2022-12-18T23:13:18.786Z",
            "user": 1,
            "content_type": 3,
            "object_id": "10",
            "object_repr": "\u041e\u0441\u0432\u044f\u0449\u0435\u043d\u0438\u0435 \u0448\u043a\u043e\u043b\u044b \u0432 \u041d\u043e\u0432\u043e\u0441\u0435\u043b\u043a\u0430\u0445",
            "action_flag": 2,
            "change_message": "[{\"changed\": {\"fields\": [\"\\u0417\\u0430\\u0433\\u043e\\u043b\\u043e\\u0432\\u043e\\u043a\"]}}]"
        }
    },
    {
        "model": "admin.logentry",
        "pk": 41,
        "fields": {
            "action_time": "2022-12-18T23:13:52.846Z",
            "user": 1,
            "content_type": 3,
            "object_id": "9",
            "object_repr": "\u0414\u0432\u0435 \u0448\u043a\u043e\u043b\u044b",
            "action_flag": 2,
            "change_message": "[{\"changed\": {\"fields\": [\"\\u0417\\u0430\\u0433\\u043e\\u043b\\u043e\\u0432\\u043e\\u043a\"]}}]"
        }
    },
    {
        "model": "admin.logentry",
        "pk": 42,
        "fields": {
            "action_time": "2022-12-18T23:14:07.781Z",
            "user": 1,
            "content_type": 3,
            "object_id": "8",
            "object_repr": "\u0413\u043e\u0441\u0442\u0438",
            "action_flag": 2,
            "change_message": "[{\"changed\": {\"fields\": [\"\\u0417\\u0430\\u0433\\u043e\\u043b\\u043e\\u0432\\u043e\\u043a\", \"\\u0422\\u0435\\u043a\\u0441\\u0442\"]}}]"
        }
    },
    {
        "model": "admin.logentry",
        "pk": 43,
        "fields": {
            "action_time": "2022-12-18T23:14:22.249Z",
            "user": 1,
            "content_type": 3,
            "object_id": "7",
            "object_repr": "\u041f\u0440\u0438\u0435\u0437\u0436\u0430\u043b \u043a\u043e \u043c\u043d\u0435 \u0418\u0432\u0430\u043d \u0429\u0435\u0433\u043b\u043e\u0432",
            "action_flag": 2,
            "change_message": "[{\"changed\": {\"fields\": [\"\\u0417\\u0430\\u0433\\u043e\\u043b\\u043e\\u0432\\u043e\\u043a\", \"\\u0422\\u0435\\u043a\\u0441\\u0442\"]}}]"
        }
    },
    {
        "model": "admin.logentry",
        "pk": 44,
        "fields": {
            "action_time": "2022-12-18T23:14:35.935Z",
            "user": 1,
            "content_type": 3,
            "object_id": "6",
            "object_repr": "\u041a\u0440\u043e\u0432\u043e\u0445\u0430\u0440\u043a\u0430\u043d\u044c\u0435",
            "action_flag": 2,
            "change_message": "[{\"changed\": {\"fields\": [\"\\u0417\\u0430\\u0433\\u043e\\u043b\\u043e\\u0432\\u043e\\u043a\"]}}]"
        }
    },
    {
        "model": "admin.logentry",
        "pk": 45,
        "fields": {
            "action_time": "2022-12-18T23:14:48.299Z",
            "user": 1,
            "content_type": 3,
            "object_id": "39",
            "object_repr": "\u041d\u0435 \u0434\u0443\u0440\u043d\u043e \u043f\u0440\u043e\u0436\u0438\u043b",
            "action_flag": 2,
            "change_message": "[]"
        }
    },
    {
        "model": "admin.logentry",
        "pk": 46,
        "fields": {
            "action_time": "2022-12-18T23:15:10.444Z",
            "user": 1,
            "content_type": 3,
            "object_id": "38",
            "object_repr": "\u0411\u0430\u0442\u044e\u0448\u043a\u0438, \u0441\u043a\u043e\u043b\u044c\u043a\u043e \u0434\u043d\u0435\u0439 \u043f\u0440\u043e\u043f\u0443\u0441\u0442\u0438\u043b",
            "action_flag": 2,
            "change_message": "[{\"changed\": {\"fields\": [\"\\u0417\\u0430\\u0433\\u043e\\u043b\\u043e\\u0432\\u043e\\u043a\"]}}]"
        }
    },
    {
        "model": "admin.logentry",
        "pk": 47,
        "fields": {
            "action_time": "2022-12-18T23:15:29.280Z",
            "user": 1,
            "content_type": 3,
            "object_id": "37",
            "object_repr": "\u0423\u0442\u0440\u043e\u043c \u043f\u043e\u0447\u0442\u0438 \u043d\u0435 \u0437\u0430\u043d\u0438\u043c\u0430\u043b\u0441\u044f",
            "action_flag": 2,
            "change_message": "[{\"changed\": {\"fields\": [\"\\u0417\\u0430\\u0433\\u043e\\u043b\\u043e\\u0432\\u043e\\u043a\"]}}]"
        }
    },
    {
        "model": "admin.logentry",
        "pk": 48,
        "fields": {
            "action_time": "2022-12-18T23:15:44.033Z",
            "user": 1,
            "content_type": 3,
            "object_id": "36",
            "object_repr": "\u0416\u0438\u0432. \u0421\u043e\u0432\u0435\u0440\u0448\u0435\u043d\u043d\u043e \u0437\u0434\u043e\u0440\u043e\u0432.",
            "action_flag": 2,
            "change_message": "[{\"changed\": {\"fields\": [\"\\u0417\\u0430\\u0433\\u043e\\u043b\\u043e\\u0432\\u043e\\u043a\"]}}]"
        }
    },
    {
        "model": "admin.logentry",
        "pk": 49,
        "fields": {
            "action_time": "2022-12-18T23:16:07.581Z",
            "user": 1,
            "content_type": 3,
            "object_id": "5",
            "object_repr": "\u041b\u044e\u0431\u0438\u0442\u0435\u043b\u044c\u0441\u043a\u0438\u0439 \u0441\u043f\u0435\u043a\u0442\u0430\u043a\u043b\u044c",
            "action_flag": 2,
            "change_message": "[{\"changed\": {\"fields\": [\"\\u0417\\u0430\\u0433\\u043e\\u043b\\u043e\\u0432\\u043e\\u043a\"]}}]"
        }
    },
    {
        "model": "admin.logentry",
        "pk": 50,
        "fields": {
            "action_time": "2022-12-18T23:16:30.714Z",
            "user": 1,
            "content_type": 3,
            "object_id": "4",
            "object_repr": "\u041e\u0431\u0435\u0434 \u0432 \u00ab\u041a\u043e\u043d\u0442\u0438\u043d\u0435\u043d\u0442\u0430\u043b\u0435\u00bb",
            "action_flag": 2,
            "change_message": "[{\"changed\": {\"fields\": [\"\\u0417\\u0430\\u0433\\u043e\\u043b\\u043e\\u0432\\u043e\\u043a\"]}}]"
        }
    },
    {
        "model": "admin.logentry",
        "pk": 51,
        "fields": {
            "action_time": "2022-12-18T23:17:02.556Z",
            "user": 1,
            "content_type": 3,
            "object_id": "3",
            "object_repr": "\u0421\u043e\u0431\u0440\u0430\u043b\u0438\u0441\u044c \u0432 \u0440\u0435\u0434\u0430\u043a\u0446\u0438\u0438 \u00ab\u0420\u0443\u0441\u0441\u043a\u043e\u0439 \u043c\u044b\u0441\u043b\u0438\u00bb",
            "action_flag": 2,
            "change_message": "[{\"changed\": {\"fields\": [\"\\u0417\\u0430\\u0433\\u043e\\u043b\\u043e\\u0432\\u043e\\u043a\"]}}]"
        }
    },
    {
        "model": "admin.logentry",
        "pk": 52,
        "fields": {
            "action_time": "2022-12-18T23:17:23.935Z",
            "user": 1,
            "content_type": 3,
            "object_id": "1",
            "object_repr": "\u041e\u0431\u0435\u0434",
            "action_flag": 2,
            "change_message": "[{\"changed\": {\"fields\": [\"\\u0417\\u0430\\u0433\\u043e\\u043b\\u043e\\u0432\\u043e\\u043a\", \"\\u0422\\u0435\\u043a\\u0441\\u0442\"]}}]"
        }
    },
    {
        "model": "admin.logentry",
        "pk": 53,
        "fields": {
            "action_time": "2022-12-18T23:17:50.476Z",
            "user": 1,
            "content_type": 3,
            "object_id": "35",
            "object_repr": "\u0425\u043e\u0434\u0438\u043b\u0438 \u043f\u043e \u0433\u043e\u0440\u043e\u0434\u0443",
            "action_flag": 2,
            "change_message": "[{\"changed\": {\"fields\": [\"\\u0417\\u0430\\u0433\\u043e\\u043b\\u043e\\u0432\\u043e\\u043a\", \"\\u0422\\u0435\\u043a\\u0441\\u0442\"]}}]"
        }
    },
    {
        "model": "admin.logentry",
        "pk": 54,
        "fields": {
            "action_time": "2022-12-18T23:18:06.016Z",
            "user": 1,
            "content_type": 3,
            "object_id": "34",
            "object_repr": "\u041f\u043e\u043b\u043d\u043e\u0447\u044c. \u0422\u043e\u0440\u0436\u043e\u043a.",
            "action_flag": 2,
            "change_message": "[{\"changed\": {\"fields\": [\"\\u0417\\u0430\\u0433\\u043e\\u043b\\u043e\\u0432\\u043e\\u043a\", \"\\u0422\\u0435\\u043a\\u0441\\u0442\"]}}]"
        }
    },
    {
        "model": "admin.logentry",
        "pk": 55,
        "fields": {
            "action_time": "2022-12-18T23:18:36.660Z",
            "user": 1,
            "content_type": 3,
            "object_id": "33",
            "object_repr": "\u041f\u043e\u0437\u0434\u0440\u0430\u0432\u0438\u043b \u041a\u043e\u043b\u044b\u0448\u043a\u0438\u043d\u0430",
            "action_flag": 2,
            "change_message": "[{\"changed\": {\"fields\": [\"\\u0417\\u0430\\u0433\\u043e\\u043b\\u043e\\u0432\\u043e\\u043a\", \"\\u0422\\u0435\\u043a\\u0441\\u0442\"]}}]"
        }
    },
    {
        "model": "admin.logentry",
        "pk": 56,
        "fields": {
            "action_time": "2022-12-18T23:19:08.499Z",
            "user": 1,
            "content_type": 3,
            "object_id": "32",
            "object_repr": "\u041d\u0435\u043c\u043d\u043e\u0433\u043e \u0443\u0441\u043f\u043e\u043a\u043e\u0438\u043b\u0441\u044f",
            "action_flag": 2,
            "change_message": "[{\"changed\": {\"fields\": [\"\\u0417\\u0430\\u0433\\u043e\\u043b\\u043e\\u0432\\u043e\\u043a\", \"\\u0422\\u0435\\u043a\\u0441\\u0442\"]}}]"
        }
    },
    {
        "model": "admin.logentry",
        "pk": 57,
        "fields": {
            "action_time": "2022-12-18T23:19:28.188Z",
            "user": 1,
            "content_type": 3,
            "object_id": "31",
            "object_repr": "\u041f\u043e\u043b\u0443\u0447\u0438\u043b \u0420\u0443\u0441\u0441\u043a\u0443\u044e \u0431\u0435\u0441\u0435\u0434\u0443",
            "action_flag": 2,
            "change_message": "[{\"changed\": {\"fields\": [\"\\u0417\\u0430\\u0433\\u043e\\u043b\\u043e\\u0432\\u043e\\u043a\", \"\\u0422\\u0435\\u043a\\u0441\\u0442\"]}}]"
        }
    },
    {
        "model": "admin.logentry",
        "pk": 58,
        "fields": {
            "action_time": "2022-12-18T23:19:56.617Z",
            "user": 1,
            "content_type": 3,
            "object_id": "30",
            "object_repr": "\u041f\u0440\u043e\u0434\u043e\u043b\u0436\u0435\u043d\u0438\u0435",
            "action_flag": 2,
            "change_message": "[{\"changed\": {\"fields\": [\"\\u0417\\u0430\\u0433\\u043e\\u043b\\u043e\\u0432\\u043e\\u043a\", \"\\u0422\\u0435\\u043a\\u0441\\u0442\"]}}]"
        }
    },
    {
        "model": "admin.logentry",
        "pk": 59,
        "fields": {
            "action_time": "2022-12-18T23:20:31.006Z",
            "user": 1,
            "content_type": 3,
            "object_id": "29",
            "object_repr": "\u041d\u043e\u0447\u044c \u043d\u0435 \u0441\u043f\u0430\u043b",
            "action_flag": 2,
            "change_message": "[{\"changed\": {\"fields\": [\"\\u0417\\u0430\\u0433\\u043e\\u043b\\u043e\\u0432\\u043e\\u043a\", \"\\u0422\\u0435\\u043a\\u0441\\u0442\"]}}]"
        }
    },
    {
        "model": "admin.logentry",
        "pk": 60,
        "fields": {
            "action_time": "2022-12-18T23:20:46.260Z",
            "user": 1,
            "content_type": 3,
            "object_id": "28",
            "object_repr": "\u041a\u043e\u043b\u044b\u0448\u043a\u0438\u043d",
            "action_flag": 2,
            "change_message": "[{\"changed\": {\"fields\": [\"\\u0417\\u0430\\u0433\\u043e\\u043b\\u043e\\u0432\\u043e\\u043a\", \"\\u0422\\u0435\\u043a\\u0441\\u0442\"]}}]"
        }
    },
    {
        "model": "admin.logentry",
        "pk": 61,
        "fields": {
            "action_time": "2022-12-18T23:21:06.124Z",
            "user": 1,
            "content_type": 3,
            "object_id": "27",
            "object_repr": "\u041f\u043e\u043e\u0431\u0435\u0434\u0430\u043b\u0438 \u0432 \u0442\u0440\u0430\u043a\u0442\u0438\u0440\u0435",
            "action_flag": 2,
            "change_message": "[{\"changed\": {\"fields\": [\"\\u0417\\u0430\\u0433\\u043e\\u043b\\u043e\\u0432\\u043e\\u043a\", \"\\u0422\\u0435\\u043a\\u0441\\u0442\"]}}]"
        }
    },
    {
        "model": "admin.logentry",
        "pk": 62,
        "fields": {
            "action_time": "2022-12-18T23:21:22.691Z",
            "user": 1,
            "content_type": 3,
            "object_id": "26",
            "object_repr": "\u041f\u0440\u043e\u0441\u0438\u0434\u0435\u043b \u0432\u0435\u0441\u044c \u0434\u0435\u043d\u044c \u0434\u043e\u043c\u0430",
            "action_flag": 2,
            "change_message": "[{\"changed\": {\"fields\": [\"\\u0417\\u0430\\u0433\\u043e\\u043b\\u043e\\u0432\\u043e\\u043a\", \"\\u0422\\u0435\\u043a\\u0441\\u0442\"]}}]"
        }
    },
    {
        "model": "admin.logentry",
        "pk": 63,
        "fields": {
            "action_time": "2022-12-18T23:21:40.921Z",
            "user": 1,
            "content_type": 3,
            "object_id": "25",
            "object_repr": "\u0425\u043e\u0434\u0438\u043b\u0438 \u0437\u0430 \u0422\u044c\u043c\u0430\u043a\u0443.",
            "action_flag": 2,
            "change_message": "[{\"changed\": {\"fields\": [\"\\u0417\\u0430\\u0433\\u043e\\u043b\\u043e\\u0432\\u043e\\u043a\", \"\\u0422\\u0435\\u043a\\u0441\\u0442\"]}}]"
        }
    },
    {
        "model": "admin.logentry",
        "pk": 64,
        "fields": {
            "action_time": "2022-12-18T23:22:13.740Z",
            "user": 1,
            "content_type": 3,
            "object_id": "24",
            "object_repr": "\u041e\u0442\u0434\u043e\u0445\u043d\u0443\u043b\u0438",
            "action_flag": 2,
            "change_message": "[{\"changed\": {\"fields\": [\"\\u0417\\u0430\\u0433\\u043e\\u043b\\u043e\\u0432\\u043e\\u043a\", \"\\u0422\\u0435\\u043a\\u0441\\u0442\"]}}]"
        }
    },
    {
        "model": "admin.logentry",
        "pk": 65,
        "fields": {
            "action_time": "2022-12-18T23:22:35.245Z",
            "user": 1,
            "content_type": 3,
            "object_id": "23",
            "object_repr": "\u041f\u043e\u043a\u0443\u043f\u043a\u0438",
            "action_flag": 2,
            "change_message": "[{\"changed\": {\"fields\": [\"\\u0417\\u0430\\u0433\\u043e\\u043b\\u043e\\u0432\\u043e\\u043a\", \"\\u0422\\u0435\\u043a\\u0441\\u0442\"]}}]"
        }
    },
    {
        "model": "admin.logentry",
        "pk": 66,
        "fields": {
            "action_time": "2022-12-19T00:21:21.071Z",
            "user": 1,
            "content_type": 3,
            "object_id": "22",
            "object_repr": "\u041a\u0440\u0430\u0436\u0430",
            "action_flag": 2,
            "change_message": "[{\"changed\": {\"fields\": [\"\\u041e\\u043f\\u0443\\u0431\\u043b\\u0438\\u043a\\u043e\\u0432\\u0430\\u043d\\u043e\"]}}]"
        }
    },
    {
        "model": "admin.logentry",
        "pk": 67,
        "fields": {
            "action_time": "2022-12-19T00:22:06.675Z",
            "user": 1,
            "content_type": 3,
            "object_id": "22",
            "object_repr": "\u041a\u0440\u0430\u0436\u0430",
            "action_flag": 2,
            "change_message": "[{\"changed\": {\"fields\": [\"\\u041e\\u043f\\u0443\\u0431\\u043b\\u0438\\u043a\\u043e\\u0432\\u0430\\u043d\\u043e\"]}}]"
        }
    },
    {
        "model": "admin.logentry",
        "pk": 68,
        "fields": {
            "action_time": "2022-12-19T00:24:29.718Z",
            "user": 1,
            "content_type": 1,
            "object_id": "3",
            "object_repr": "\u041d\u0430\u0431\u043b\u044e\u0434\u0435\u043d\u0438\u044f",
            "action_flag": 2,
            "change_message": "[{\"changed\": {\"fields\": [\"\\u041e\\u043f\\u0443\\u0431\\u043b\\u0438\\u043a\\u043e\\u0432\\u0430\\u043d\\u043e\"]}}]"
        }
    },
    {
        "model": "admin.logentry",
        "pk": 69,
        "fields": {
            "action_time": "2022-12-19T00:27:51.967Z",
            "user": 1,
            "content_type": 1,
            "object_id": "3",
            "object_repr": "\u041d\u0430\u0431\u043b\u044e\u0434\u0435\u043d\u0438\u044f",
            "action_flag": 2,
            "change_message": "[{\"changed\": {\"fields\": [\"\\u041e\\u043f\\u0443\\u0431\\u043b\\u0438\\u043a\\u043e\\u0432\\u0430\\u043d\\u043e\"]}}]"
        }
    },
    {
        "model": "admin.logentry",
        "pk": 70,
        "fields": {
            "action_time": "2022-12-19T13:08:14.521Z",
            "user": 1,
            "content_type": 1,
            "object_id": "6",
            "object_repr": "\u0420\u0430\u0431\u043e\u0442\u0430",
            "action_flag": 2,
            "change_message": "[{\"changed\": {\"fields\": [\"\\u041e\\u043f\\u0438\\u0441\\u0430\\u043d\\u0438\\u0435\"]}}]"
        }
    },
    {
        "model": "admin.logentry",
        "pk": 71,
        "fields": {
            "action_time": "2022-12-19T13:08:35.070Z",
            "user": 1,
            "content_type": 1,
            "object_id": "4",
            "object_repr": "\u041f\u043e\u0441\u0438\u0434\u0435\u043b\u043a\u0438",
            "action_flag": 2,
            "change_message": "[{\"changed\": {\"fields\": [\"\\u041e\\u043f\\u0438\\u0441\\u0430\\u043d\\u0438\\u0435\"]}}]"
        }
    },
    {
        "model": "admin.logentry",
        "pk": 72,
        "fields": {
            "action_time": "2022-12-19T13:08:57.899Z",
            "user": 1,
            "content_type": 1,
            "object_id": "3",
            "object_repr": "\u041d\u0430\u0431\u043b\u044e\u0434\u0435\u043d\u0438\u044f",
            "action_flag": 2,
            "change_message": "[{\"changed\": {\"fields\": [\"\\u041e\\u043f\\u0438\\u0441\\u0430\\u043d\\u0438\\u0435\"]}}]"
        }
    },
    {
        "model": "admin.logentry",
        "pk": 73,
        "fields": {
            "action_time": "2022-12-19T13:09:11.646Z",
            "user": 1,
            "content_type": 1,
            "object_id": "2",
            "object_repr": "\u0417\u0434\u043e\u0440\u043e\u0432\u044c\u0435",
            "action_flag": 2,
            "change_message": "[{\"changed\": {\"fields\": [\"\\u041e\\u043f\\u0438\\u0441\\u0430\\u043d\\u0438\\u0435\"]}}]"
        }
    },
    {
        "model": "admin.logentry",
        "pk": 74,
        "fields": {
            "action_time": "2022-12-19T15:39:22.191Z",
            "user": 1,
            "content_type": 1,
            "object_id": "3",
            "object_repr": "\u041d\u0430\u0431\u043b\u044e\u0434\u0435\u043d\u0438\u044f",
            "action_flag": 2,
            "change_message": "[{\"changed\": {\"fields\": [\"\\u041e\\u043f\\u0443\\u0431\\u043b\\u0438\\u043a\\u043e\\u0432\\u0430\\u043d\\u043e\"]}}]"
        }
    },
    {
        "model": "admin.logentry",
        "pk": 75,
        "fields": {
            "action_time": "2022-12-19T15:40:46.489Z",
            "user": 1,
            "content_type": 1,
            "object_id": "3",
            "object_repr": "\u041d\u0430\u0431\u043b\u044e\u0434\u0435\u043d\u0438\u044f",
            "action_flag": 2,
            "change_message": "[{\"changed\": {\"fields\": [\"\\u041e\\u043f\\u0443\\u0431\\u043b\\u0438\\u043a\\u043e\\u0432\\u0430\\u043d\\u043e\"]}}]"
        }
    },
    {
        "model": "auth.permission",
        "pk": 1,
        "fields": {
            "name": "Can add \u043a\u0430\u0442\u0435\u0433\u043e\u0440\u0438\u044f",
            "content_type": 1,
            "codename": "add_category"
        }
    },
    {
        "model": "auth.permission",
        "pk": 2,
        "fields": {
            "name": "Can change \u043a\u0430\u0442\u0435\u0433\u043e\u0440\u0438\u044f",
            "content_type": 1,
            "codename": "change_category"
        }
    },
    {
        "model": "auth.permission",
        "pk": 3,
        "fields": {
            "name": "\u0421\u0435\u0432\u0435\u0440",
            "is_published": false,
            "created_at": "2026-03-08T07:53:14"
        }
    },
    {
        "model": "auth.permission",
        "pk": 4,
        "fields": {
            "name": "Can view \u043a\u0430\u0442\u0435\u0433\u043e\u0440\u0438\u044f",
            "content_type": 1,
            "codename": "view_category"
        }
    },
    {
        "model": "auth.permission",
        "pk": 5,
        "fields": {
            "name": "Can add \u043c\u0435\u0441\u0442\u043e\u043f\u043e\u043b\u043e\u0436\u0435\u043d\u0438\u0435",
            "content_type": 2,
            "codename": "add_location"
        }
    },
    {
        "model": "auth.permission",
        "pk": 6,
        "fields": {
            "name": "Can change \u043c\u0435\u0441\u0442\u043e\u043f\u043e\u043b\u043e\u0436\u0435\u043d\u0438\u0435",
            "content_type": 2,
            "codename": "change_location"
        }
    },
    {
        "model": "auth.permission",
        "pk": 7,
        "fields": {
            "name": "Can delete \u043c\u0435\u0441\u0442\u043e\u043f\u043e\u043b\u043e\u0436\u0435\u043d\u0438\u0435",
            "content_type": 2,
            "codename": "delete_location"
        }
    },
    {
        "model": "auth.permission",
        "pk": 8,
        "fields": {
            "name": "Can view \u043c\u0435\u0441\u0442\u043e\u043f\u043e\u043b\u043e\u0436\u0435\u043d\u0438\u0435",
            "content_type": 2,
            "codename": "view_location"
        }
    },
    {
        "model": "auth.permission",
        "pk": 9,
        "fields": {
            "name": "Can add \u043f\u0443\u0431\u043b\u0438\u043a\u0430\u0446\u0438\u044f",
            "content_type": 3,
            "codename": "add_post"
        }
    },
    {
        "model": "auth.permission",
        "pk": 10,
        "fields": {
            "name": "Can change \u043f\u0443\u0431\u043b\u0438\u043a\u0430\u0446\u0438\u044f",
            "content_type": 3,
            "codename": "change_post"
        }
    },
    {
        "model": "auth.permission",
        "pk": 11,
        "fields": {
            "name": "Can delete \u043f\u0443\u0431\u043b\u0438\u043a\u0430\u0446\u0438\u044f",
            "content_type": 3,
            "codename": "delete_post"
        }
    },
    {
        "model": "auth.permission",
        "pk": 12,
        "fields": {
            "name": "Can view \u043f\u0443\u0431\u043b\u0438\u043a\u0430\u0446\u0438\u044f",
            "content_type": 3,
            "codename": "view_post"
        }
    },
    {
        "model": "auth.permission",
        "pk": 14,
        "fields": {
            "name": "Can change log entry",
            "content_type": 4,
            "codename": "change_logentry"
        }
    },
    {
        "model": "auth.permission",
        "pk": 15,
        "fields": {
            "name": "Can delete log entry",
            "content_type": 4,
            "codename": "delete_logentry"
        }
    },
    {
        "model": "auth.permission",
        "pk": 16,
        "fields": {
            "name": "Can view log entry",
            "content_type": 4,
            "codename": "view_logentry"
        }
    },
    {
        "model": "auth.permission",
        "pk": 17,
        "fields": {
            "name": "Can add permission",
            "content_type": 5,
            "codename": "add_permission"
        }
    },
    {
        "model": "auth.permission",
        "pk": 18,
        "fields": {
            "name": "Can change permission",
            "content_type": 5,
            "codename": "change_permission"
        }
    },
    {
        "model": "auth.permission",
        "pk": 19,
        "fields": {
            "name": "Can delete permission",
            "content_type": 5,
            "codename": "delete_permission"
        }
    },
    {
        "model": "auth.permission",
        "pk": 20,
        "fields": {
            "name": "Can view permission",
            "content_type": 5,
            "codename": "view_permission"
        }
    },
    {
        "model": "auth.permission",
        "pk": 21,
        "fields": {
            "name": "Can add group",
            "content_type": 6,
            "codename": "add_group"
        }
    },
    {
        "model": "auth.permission",
        "pk": 22,
        "fields": {
            "name": "Can change group",
            "content_type": 6,
            "codename": "change_group"
        }
    },
    {
        "model": "auth.permission",
        "pk": 23,
        "fields": {
            "name": "Can delete group",
            "content_type": 6,
            "codename": "delete_group"
        }
    },
    {
        "model": "auth.permission",
        "pk": 24,
        "fields": {
            "name": "Can view group",
            "content_type": 6,
            "codename": "view_group"
        }
    },
    {
        "model": "auth.permission",
        "pk": 25,
        "fields": {
            "name": "Can add user",
            "content_type": 7,
            "codename": "add_user"
        }
    },
    {
        "model": "auth.permission",
        "pk": 26,
        "fields": {
            "name": "Can change user",
            "content_type": 7,
            "codename": "change_user"
        }
    },
    {
        "model": "auth.permission",
        "pk": 27,
        "fields": {
            "name": "Can delete user",
            "content_type": 7,
            "codename": "delete_user"
        }
    },
    {
        "model": "auth.permission",
        "pk": 28,
        "fields": {
            "name": "Can view user",
            "content_type": 7,
            "codename": "view_user"
        }
    },
    {
        "model": "auth.permission",
        "pk": 29,
        "fields": {
            "name": "Can add content type",
            "content_type": 8,
            "codename": "add_contenttype"
        }
    },
    {
        "model": "auth.permission",
        "pk": 30,
        "fields": {
            "name": "Can change content type",
            "content_type": 8,
            "codename": "change_contenttype"
        }
    },
    {
        "model": "auth.permission",
        "pk": 31,
        "fields": {
            "name": "Can delete content type",
            "content_type": 8,
            "codename": "delete_contenttype"
        }
    },
    {
        "model": "auth.permission",
        "pk": 32,
        "fields": {
            "name": "Can view content type",
            "content_type": 8,
            "codename": "view_contenttype"
        }
    },
    {
        "model": "auth.permission",
        "pk": 33,
        "fields": {
            "name": "Can add session",
            "content_type": 9,
            "codename": "add_session"
        }
    },
    {
        "model": "auth.permission",
        "pk": 34,
        "fields": {
            "name": "Can change session",
            "content_type": 9,
            "codename": "change_session"
        }
    },
    {
        "model": "auth.permission",
        "pk": 35,
        "fields": {
            "name": "Can delete session",
            "content_type": 9,
            "codename": "delete_session"
        }
    },
    {
        "model": "auth.permission",
        "pk": 36,
        "fields": {
            "name": "Can view session",
            "content_type": 9,
            "codename": "view_session"
        }
    },
    {
        "model": "auth.user",
        "pk": 1,
        "fields": {
            "password": "pbkdf2_sha256$260000$wkDQh0H0DlA9aVurNkbKY8$Tvo4+TT25kNKFF1sZQ0NlJHYVMOM5UAe42VNeJxmtnY=",
            "last_login": "2022-12-18T22:58:02.841Z",
            "is_superuser": true,
            "username": "admin",
            "first_name": "",
            "last_name": "",
            "email": "ya@ya.ru",
            "is_staff": true,
            "is_active": true,
            "date_joined": "2022-12-18T22:57:29.299Z",
            "groups": [],
            "user_permissions": []
        }
    },
    {
        "model": "auth.user",
        "pk": 2,
        "fields": {
            "password": "pbkdf2_sha256$260000$Bpi81SWpSA0HDt0G2ofnLt$UdEDuX7nim2Yhd6efVEh86wYueoZVPEI3hdsA1WD3iw=",
            "last_login": null,
            "is_superuser": false,
            "username": "leo",
            "first_name": "\u041b\u0435\u0432",
            "last_name": "\u0422\u043e\u043b\u0441\u0442\u043e\u0439",
            "email": "",
            "is_staff": false,
            "is_active": true,
            "date_joined": "2022-12-18T22:58:32Z",
            "groups": [],
            "user_permissions": []
        }
    },
    {
        "model": "auth.user",
        "pk": 3,
        "fields": {
            "name": "\u0421\u0435\u0432\u0435\u0440",
            "is_published": false,
            "created_at": "2026-03-08T07:53:14"
        }
    },
    {
        "model": "auth.user",
        "pk": 4,
        "fields": {
            "password": "pbkdf2_sha256$260000$bpKvE13bEr0QIlBHTGHT1w$hOiqumJnImTh1RRyS5JYpm3kfT6xjHw7NC8Ss8ePIKY=",
            "last_login": null,
            "is_superuser": false,
            "username": "alex",
            "first_name": "\u0410\u043b\u0435\u043a\u0441\u0430\u043d\u0434\u0440",
            "last_name": "\u041e\u0441\u0442\u0440\u043e\u0432\u0441\u043a\u0438\u0439",
            "email": "",
            "is_staff": false,
            "is_active": true,
            "date_joined": "2022-12-18T22:58:58Z",
            "groups": [],
            "user_permissions": []
        }
    },
    {
        "model": "sessions.session",
        "pk": "533s8zgj27g7dlfdiszles0j366u5f7e",
        "fields": {
            "session_data": ".eJxVjDsOwjAQBe_iGln-26Gkzxmi9e4aB1As5VMh7k4ipYD2zcx7iwG2tQ7bwvMwkrgKLS6_WwZ88nQAesB0bxLbtM5jlociT7rIvhG_bqf7d1BhqXvNiC6jAyA2vvjcJYyonS4hJMWsnCLLSAELlVi6rLzu0FpSJu26ieLzBRyyOMM:1p72ba:LAe-slAAK1-8xsaD-1zKhBO4iIlnZX7-u0PFzqwcoKY",
            "expire_date": "2023-01-01T22:58:02.843Z"
        }
    },
    {
        "model": "blog.post",
        "pk": 40,
        "fields": {
            "title": "string",
            "text": "string",
            "pub_date": "2026-03-04T18:39:12",
            "is_published": true,
            "image": "string",
            "author_id": 0,
            "category_id": 0,
            "location_id": 0
        }
    }
]